order_id,participant,zone,type,side,hour,quantity_mw,price,mar,parent_id,exclusive_group,cross_border
SN_D_01,SENELEC,SN,hourly,buy,1,638,1300.0,,,,
SN_D_02,SENELEC,SN,hourly,buy,2,638,1300.0,,,,
SN_D_03,SENELEC,SN,hourly,buy,3,638,1300.0,,,,
SN_D_04,SENELEC,SN,hourly,buy,4,638,1300.0,,,,
SN_D_05,SENELEC,SN,hourly,buy,5,638,1300.0,,,,
SN_D_06,SENELEC,SN,hourly,buy,6,645,1300.0,,,,
SN_D_07,SENELEC,SN,hourly,buy,7,664,1300.0,,,,
SN_D_08,SENELEC,SN,hourly,buy,8,694,1300.0,,,,
SN_D_09,SENELEC,SN,hourly,buy,9,734,1300.0,,,,
SN_D_10,SENELEC,SN,hourly,buy,10,780,1300.0,,,,
SN_D_11,SENELEC,SN,hourly,buy,11,829,1300.0,,,,
SN_D_12,SENELEC,SN,hourly,buy,12,879,1300.0,,,,
SN_D_13,SENELEC,SN,hourly,buy,13,925,1300.0,,,,
SN_D_14,SENELEC,SN,hourly,buy,14,965,1300.0,,,,
SN_D_15,SENELEC,SN,hourly,buy,15,995,1300.0,,,,
SN_D_16,SENELEC,SN,hourly,buy,16,1014,1300.0,,,,
SN_D_17,SENELEC,SN,hourly,buy,17,1021,1300.0,,,,
SN_D_18,SENELEC,SN,hourly,buy,18,1084,1300.0,,,,
SN_D_19,SENELEC,SN,hourly,buy,19,1134,1300.0,,,,
SN_D_20,SENELEC,SN,hourly,buy,20,1104,1300.0,,,,
SN_D_21,SENELEC,SN,hourly,buy,21,1064,1300.0,,,,
SN_D_22,SENELEC,SN,hourly,buy,22,1018,1300.0,,,,
SN_D_23,SENELEC,SN,hourly,buy,23,899,1300.0,,,,
SN_D_24,SENELEC,SN,hourly,buy,24,638,1300.0,,,,
ML_D_01,EDM,ML,hourly,buy,1,261,1300.0,,,,
ML_D_02,EDM,ML,hourly,buy,2,261,1300.0,,,,
ML_D_03,EDM,ML,hourly,buy,3,261,1300.0,,,,
ML_D_04,EDM,ML,hourly,buy,4,261,1300.0,,,,
ML_D_05,EDM,ML,hourly,buy,5,261,1300.0,,,,
ML_D_06,EDM,ML,hourly,buy,6,264,1300.0,,,,
ML_D_07,EDM,ML,hourly,buy,7,271,1300.0,,,,
ML_D_08,EDM,ML,hourly,buy,8,282,1300.0,,,,
ML_D_09,EDM,ML,hourly,buy,9,297,1300.0,,,,
ML_D_10,EDM,ML,hourly,buy,10,314,1300.0,,,,
ML_D_11,EDM,ML,hourly,buy,11,332,1300.0,,,,
ML_D_12,EDM,ML,hourly,buy,12,351,1300.0,,,,
ML_D_13,EDM,ML,hourly,buy,13,368,1300.0,,,,
ML_D_14,EDM,ML,hourly,buy,14,383,1300.0,,,,
ML_D_15,EDM,ML,hourly,buy,15,394,1300.0,,,,
ML_D_16,EDM,ML,hourly,buy,16,401,1300.0,,,,
ML_D_17,EDM,ML,hourly,buy,17,404,1300.0,,,,
ML_D_18,EDM,ML,hourly,buy,18,437,1300.0,,,,
ML_D_19,EDM,ML,hourly,buy,19,465,1300.0,,,,
ML_D_20,EDM,ML,hourly,buy,20,454,1300.0,,,,
ML_D_21,EDM,ML,hourly,buy,21,439,1300.0,,,,
ML_D_22,EDM,ML,hourly,buy,22,422,1300.0,,,,
ML_D_23,EDM,ML,hourly,buy,23,368,1300.0,,,,
ML_D_24,EDM,ML,hourly,buy,24,261,1300.0,,,,
CI_D_01,CIE,CI,hourly,buy,1,1080,1300.0,,,,
CI_D_02,CIE,CI,hourly,buy,2,1080,1300.0,,,,
CI_D_03,CIE,CI,hourly,buy,3,1080,1300.0,,,,
CI_D_04,CIE,CI,hourly,buy,4,1080,1300.0,,,,
CI_D_05,CIE,CI,hourly,buy,5,1080,1300.0,,,,
CI_D_06,CIE,CI,hourly,buy,6,1089,1300.0,,,,
CI_D_07,CIE,CI,hourly,buy,7,1116,1300.0,,,,
CI_D_08,CIE,CI,hourly,buy,8,1159,1300.0,,,,
CI_D_09,CIE,CI,hourly,buy,9,1215,1300.0,,,,
CI_D_10,CIE,CI,hourly,buy,10,1280,1300.0,,,,
CI_D_11,CIE,CI,hourly,buy,11,1350,1300.0,,,,
CI_D_12,CIE,CI,hourly,buy,12,1420,1300.0,,,,
CI_D_13,CIE,CI,hourly,buy,13,1485,1300.0,,,,
CI_D_14,CIE,CI,hourly,buy,14,1541,1300.0,,,,
CI_D_15,CIE,CI,hourly,buy,15,1584,1300.0,,,,
CI_D_16,CIE,CI,hourly,buy,16,1611,1300.0,,,,
CI_D_17,CIE,CI,hourly,buy,17,1620,1300.0,,,,
CI_D_18,CIE,CI,hourly,buy,18,1701,1300.0,,,,
CI_D_19,CIE,CI,hourly,buy,19,1764,1300.0,,,,
CI_D_20,CIE,CI,hourly,buy,20,1721,1300.0,,,,
CI_D_21,CIE,CI,hourly,buy,21,1665,1300.0,,,,
CI_D_22,CIE,CI,hourly,buy,22,1600,1300.0,,,,
CI_D_23,CIE,CI,hourly,buy,23,1440,1300.0,,,,
CI_D_24,CIE,CI,hourly,buy,24,1080,1300.0,,,,
GN_D_01,EDG,GN,hourly,buy,1,415,1300.0,,,,
GN_D_02,EDG,GN,hourly,buy,2,415,1300.0,,,,
GN_D_03,EDG,GN,hourly,buy,3,415,1300.0,,,,
GN_D_04,EDG,GN,hourly,buy,4,415,1300.0,,,,
GN_D_05,EDG,GN,hourly,buy,5,415,1300.0,,,,
GN_D_06,EDG,GN,hourly,buy,6,420,1300.0,,,,
GN_D_07,EDG,GN,hourly,buy,7,434,1300.0,,,,
GN_D_08,EDG,GN,hourly,buy,8,458,1300.0,,,,
GN_D_09,EDG,GN,hourly,buy,9,488,1300.0,,,,
GN_D_10,EDG,GN,hourly,buy,10,523,1300.0,,,,
GN_D_11,EDG,GN,hourly,buy,11,560,1300.0,,,,
GN_D_12,EDG,GN,hourly,buy,12,598,1300.0,,,,
GN_D_13,EDG,GN,hourly,buy,13,633,1300.0,,,,
GN_D_14,EDG,GN,hourly,buy,14,663,1300.0,,,,
GN_D_15,EDG,GN,hourly,buy,15,686,1300.0,,,,
GN_D_16,EDG,GN,hourly,buy,16,701,1300.0,,,,
GN_D_17,EDG,GN,hourly,buy,17,706,1300.0,,,,
GN_D_18,EDG,GN,hourly,buy,18,763,1300.0,,,,
GN_D_19,EDG,GN,hourly,buy,19,811,1300.0,,,,
GN_D_20,EDG,GN,hourly,buy,20,787,1300.0,,,,
GN_D_21,EDG,GN,hourly,buy,21,757,1300.0,,,,
GN_D_22,EDG,GN,hourly,buy,22,722,1300.0,,,,
GN_D_23,EDG,GN,hourly,buy,23,622,1300.0,,,,
GN_D_24,EDG,GN,hourly,buy,24,415,1300.0,,,,
SN_HYD_01,SENELEC,SN,hourly,sell,1,127,33,,,,
SN_HYD_02,SENELEC,SN,hourly,sell,2,127,33,,,,
SN_HYD_03,SENELEC,SN,hourly,sell,3,127,33,,,,
SN_HYD_04,SENELEC,SN,hourly,sell,4,127,33,,,,
SN_HYD_05,SENELEC,SN,hourly,sell,5,127,33,,,,
SN_HYD_06,SENELEC,SN,hourly,sell,6,127,33,,,,
SN_HYD_07,SENELEC,SN,hourly,sell,7,127,33,,,,
SN_HYD_08,SENELEC,SN,hourly,sell,8,127,33,,,,
SN_HYD_09,SENELEC,SN,hourly,sell,9,127,33,,,,
SN_HYD_10,SENELEC,SN,hourly,sell,10,127,33,,,,
SN_HYD_11,SENELEC,SN,hourly,sell,11,127,33,,,,
SN_HYD_12,SENELEC,SN,hourly,sell,12,127,33,,,,
SN_HYD_13,SENELEC,SN,hourly,sell,13,127,33,,,,
SN_HYD_14,SENELEC,SN,hourly,sell,14,127,33,,,,
SN_HYD_15,SENELEC,SN,hourly,sell,15,127,33,,,,
SN_HYD_16,SENELEC,SN,hourly,sell,16,127,33,,,,
SN_HYD_17,SENELEC,SN,hourly,sell,17,127,33,,,,
SN_HYD_18,SENELEC,SN,hourly,sell,18,127,33,,,,
SN_HYD_19,SENELEC,SN,hourly,sell,19,127,33,,,,
SN_HYD_20,SENELEC,SN,hourly,sell,20,127,33,,,,
SN_HYD_21,SENELEC,SN,hourly,sell,21,127,33,,,,
SN_HYD_22,SENELEC,SN,hourly,sell,22,127,33,,,,
SN_HYD_23,SENELEC,SN,hourly,sell,23,127,33,,,,
SN_HYD_24,SENELEC,SN,hourly,sell,24,127,33,,,,
SN_SOL_08,SN_IPP_SOL,SN,hourly,sell,8,52,1,,,,
SN_SOL_09,SN_IPP_SOL,SN,hourly,sell,9,100,1,,,,
SN_SOL_10,SN_IPP_SOL,SN,hourly,sell,10,141,1,,,,
SN_SOL_11,SN_IPP_SOL,SN,hourly,sell,11,173,1,,,,
SN_SOL_12,SN_IPP_SOL,SN,hourly,sell,12,193,1,,,,
SN_SOL_13,SN_IPP_SOL,SN,hourly,sell,13,200,1,,,,
SN_SOL_14,SN_IPP_SOL,SN,hourly,sell,14,193,1,,,,
SN_SOL_15,SN_IPP_SOL,SN,hourly,sell,15,173,1,,,,
SN_SOL_16,SN_IPP_SOL,SN,hourly,sell,16,141,1,,,,
SN_SOL_17,SN_IPP_SOL,SN,hourly,sell,17,100,1,,,,
SN_SOL_18,SN_IPP_SOL,SN,hourly,sell,18,52,1,,,,
SN_WIND_01,SN_IPP_WIND,SN,hourly,sell,1,55,1,,,,
SN_WIND_02,SN_IPP_WIND,SN,hourly,sell,2,55,1,,,,
SN_WIND_03,SN_IPP_WIND,SN,hourly,sell,3,55,1,,,,
SN_WIND_04,SN_IPP_WIND,SN,hourly,sell,4,55,1,,,,
SN_WIND_05,SN_IPP_WIND,SN,hourly,sell,5,55,1,,,,
SN_WIND_06,SN_IPP_WIND,SN,hourly,sell,6,55,1,,,,
SN_WIND_07,SN_IPP_WIND,SN,hourly,sell,7,55,1,,,,
SN_WIND_08,SN_IPP_WIND,SN,hourly,sell,8,55,1,,,,
SN_WIND_09,SN_IPP_WIND,SN,hourly,sell,9,55,1,,,,
SN_WIND_10,SN_IPP_WIND,SN,hourly,sell,10,55,1,,,,
SN_WIND_11,SN_IPP_WIND,SN,hourly,sell,11,55,1,,,,
SN_WIND_12,SN_IPP_WIND,SN,hourly,sell,12,55,1,,,,
SN_WIND_13,SN_IPP_WIND,SN,hourly,sell,13,55,1,,,,
SN_WIND_14,SN_IPP_WIND,SN,hourly,sell,14,55,1,,,,
SN_WIND_15,SN_IPP_WIND,SN,hourly,sell,15,55,1,,,,
SN_WIND_16,SN_IPP_WIND,SN,hourly,sell,16,55,1,,,,
SN_WIND_17,SN_IPP_WIND,SN,hourly,sell,17,55,1,,,,
SN_WIND_18,SN_IPP_WIND,SN,hourly,sell,18,55,1,,,,
SN_WIND_19,SN_IPP_WIND,SN,hourly,sell,19,55,1,,,,
SN_WIND_20,SN_IPP_WIND,SN,hourly,sell,20,55,1,,,,
SN_WIND_21,SN_IPP_WIND,SN,hourly,sell,21,55,1,,,,
SN_WIND_22,SN_IPP_WIND,SN,hourly,sell,22,55,1,,,,
SN_WIND_23,SN_IPP_WIND,SN,hourly,sell,23,55,1,,,,
SN_WIND_24,SN_IPP_WIND,SN,hourly,sell,24,55,1,,,,
SN_HFO_BA_01,SENELEC,SN,hourly,sell,1,200,125,,,,
SN_HFO_BA_02,SENELEC,SN,hourly,sell,2,200,125,,,,
SN_HFO_BA_03,SENELEC,SN,hourly,sell,3,200,125,,,,
SN_HFO_BA_04,SENELEC,SN,hourly,sell,4,200,125,,,,
SN_HFO_BA_05,SENELEC,SN,hourly,sell,5,200,125,,,,
SN_HFO_BA_06,SENELEC,SN,hourly,sell,6,200,125,,,,
SN_HFO_BA_07,SENELEC,SN,hourly,sell,7,200,125,,,,
SN_HFO_BA_08,SENELEC,SN,hourly,sell,8,200,125,,,,
SN_HFO_BA_09,SENELEC,SN,hourly,sell,9,200,125,,,,
SN_HFO_BA_10,SENELEC,SN,hourly,sell,10,200,125,,,,
SN_HFO_BA_11,SENELEC,SN,hourly,sell,11,200,125,,,,
SN_HFO_BA_12,SENELEC,SN,hourly,sell,12,200,125,,,,
SN_HFO_BA_13,SENELEC,SN,hourly,sell,13,200,125,,,,
SN_HFO_BA_14,SENELEC,SN,hourly,sell,14,200,125,,,,
SN_HFO_BA_15,SENELEC,SN,hourly,sell,15,200,125,,,,
SN_HFO_BA_16,SENELEC,SN,hourly,sell,16,200,125,,,,
SN_HFO_BA_17,SENELEC,SN,hourly,sell,17,200,125,,,,
SN_HFO_BA_18,SENELEC,SN,hourly,sell,18,200,125,,,,
SN_HFO_BA_19,SENELEC,SN,hourly,sell,19,200,125,,,,
SN_HFO_BA_20,SENELEC,SN,hourly,sell,20,200,125,,,,
SN_HFO_BA_21,SENELEC,SN,hourly,sell,21,200,125,,,,
SN_HFO_BA_22,SENELEC,SN,hourly,sell,22,200,125,,,,
SN_HFO_BA_23,SENELEC,SN,hourly,sell,23,200,125,,,,
SN_HFO_BA_24,SENELEC,SN,hourly,sell,24,200,125,,,,
SN_HFO_IPP_01,SN_IPP_HFO,SN,hourly,sell,1,100,147,,,,
SN_HFO_IPP_02,SN_IPP_HFO,SN,hourly,sell,2,100,147,,,,
SN_HFO_IPP_03,SN_IPP_HFO,SN,hourly,sell,3,100,147,,,,
SN_HFO_IPP_04,SN_IPP_HFO,SN,hourly,sell,4,100,147,,,,
SN_HFO_IPP_05,SN_IPP_HFO,SN,hourly,sell,5,100,147,,,,
SN_HFO_IPP_06,SN_IPP_HFO,SN,hourly,sell,6,100,147,,,,
SN_HFO_IPP_07,SN_IPP_HFO,SN,hourly,sell,7,100,147,,,,
SN_HFO_IPP_08,SN_IPP_HFO,SN,hourly,sell,8,100,147,,,,
SN_HFO_IPP_09,SN_IPP_HFO,SN,hourly,sell,9,100,147,,,,
SN_HFO_IPP_10,SN_IPP_HFO,SN,hourly,sell,10,100,147,,,,
SN_HFO_IPP_11,SN_IPP_HFO,SN,hourly,sell,11,100,147,,,,
SN_HFO_IPP_12,SN_IPP_HFO,SN,hourly,sell,12,100,147,,,,
SN_HFO_IPP_13,SN_IPP_HFO,SN,hourly,sell,13,100,147,,,,
SN_HFO_IPP_14,SN_IPP_HFO,SN,hourly,sell,14,100,147,,,,
SN_HFO_IPP_15,SN_IPP_HFO,SN,hourly,sell,15,100,147,,,,
SN_HFO_IPP_16,SN_IPP_HFO,SN,hourly,sell,16,100,147,,,,
SN_HFO_IPP_17,SN_IPP_HFO,SN,hourly,sell,17,100,147,,,,
SN_HFO_IPP_18,SN_IPP_HFO,SN,hourly,sell,18,100,147,,,,
SN_HFO_IPP_19,SN_IPP_HFO,SN,hourly,sell,19,100,147,,,,
SN_HFO_IPP_20,SN_IPP_HFO,SN,hourly,sell,20,100,147,,,,
SN_HFO_IPP_21,SN_IPP_HFO,SN,hourly,sell,21,100,147,,,,
SN_HFO_IPP_22,SN_IPP_HFO,SN,hourly,sell,22,100,147,,,,
SN_HFO_IPP_23,SN_IPP_HFO,SN,hourly,sell,23,100,147,,,,
SN_HFO_IPP_24,SN_IPP_HFO,SN,hourly,sell,24,100,147,,,,
SN_TAG_01,SENELEC,SN,hourly,sell,1,50,400,,,,
SN_TAG_02,SENELEC,SN,hourly,sell,2,50,400,,,,
SN_TAG_03,SENELEC,SN,hourly,sell,3,50,400,,,,
SN_TAG_04,SENELEC,SN,hourly,sell,4,50,400,,,,
SN_TAG_05,SENELEC,SN,hourly,sell,5,50,400,,,,
SN_TAG_06,SENELEC,SN,hourly,sell,6,50,400,,,,
SN_TAG_07,SENELEC,SN,hourly,sell,7,50,400,,,,
SN_TAG_08,SENELEC,SN,hourly,sell,8,50,400,,,,
SN_TAG_09,SENELEC,SN,hourly,sell,9,50,400,,,,
SN_TAG_10,SENELEC,SN,hourly,sell,10,50,400,,,,
SN_TAG_11,SENELEC,SN,hourly,sell,11,50,400,,,,
SN_TAG_12,SENELEC,SN,hourly,sell,12,50,400,,,,
SN_TAG_13,SENELEC,SN,hourly,sell,13,50,400,,,,
SN_TAG_14,SENELEC,SN,hourly,sell,14,50,400,,,,
SN_TAG_15,SENELEC,SN,hourly,sell,15,50,400,,,,
SN_TAG_16,SENELEC,SN,hourly,sell,16,50,400,,,,
SN_TAG_17,SENELEC,SN,hourly,sell,17,50,400,,,,
SN_TAG_18,SENELEC,SN,hourly,sell,18,50,400,,,,
SN_TAG_19,SENELEC,SN,hourly,sell,19,50,400,,,,
SN_TAG_20,SENELEC,SN,hourly,sell,20,50,400,,,,
SN_TAG_21,SENELEC,SN,hourly,sell,21,50,400,,,,
SN_TAG_22,SENELEC,SN,hourly,sell,22,50,400,,,,
SN_TAG_23,SENELEC,SN,hourly,sell,23,50,400,,,,
SN_TAG_24,SENELEC,SN,hourly,sell,24,50,400,,,,
SN_LOC_01,SN_IPP_LOC,SN,hourly,sell,1,200,135,,,,
SN_LOC_02,SN_IPP_LOC,SN,hourly,sell,2,200,135,,,,
SN_LOC_03,SN_IPP_LOC,SN,hourly,sell,3,200,135,,,,
SN_LOC_04,SN_IPP_LOC,SN,hourly,sell,4,200,135,,,,
SN_LOC_05,SN_IPP_LOC,SN,hourly,sell,5,200,135,,,,
SN_LOC_06,SN_IPP_LOC,SN,hourly,sell,6,200,135,,,,
SN_LOC_07,SN_IPP_LOC,SN,hourly,sell,7,200,135,,,,
SN_LOC_08,SN_IPP_LOC,SN,hourly,sell,8,200,135,,,,
SN_LOC_09,SN_IPP_LOC,SN,hourly,sell,9,200,135,,,,
SN_LOC_10,SN_IPP_LOC,SN,hourly,sell,10,200,135,,,,
SN_LOC_11,SN_IPP_LOC,SN,hourly,sell,11,200,135,,,,
SN_LOC_12,SN_IPP_LOC,SN,hourly,sell,12,200,135,,,,
SN_LOC_13,SN_IPP_LOC,SN,hourly,sell,13,200,135,,,,
SN_LOC_14,SN_IPP_LOC,SN,hourly,sell,14,200,135,,,,
SN_LOC_15,SN_IPP_LOC,SN,hourly,sell,15,200,135,,,,
SN_LOC_16,SN_IPP_LOC,SN,hourly,sell,16,200,135,,,,
SN_LOC_17,SN_IPP_LOC,SN,hourly,sell,17,200,135,,,,
SN_LOC_18,SN_IPP_LOC,SN,hourly,sell,18,200,135,,,,
SN_LOC_19,SN_IPP_LOC,SN,hourly,sell,19,200,135,,,,
SN_LOC_20,SN_IPP_LOC,SN,hourly,sell,20,200,135,,,,
SN_LOC_21,SN_IPP_LOC,SN,hourly,sell,21,200,135,,,,
SN_LOC_22,SN_IPP_LOC,SN,hourly,sell,22,200,135,,,,
SN_LOC_23,SN_IPP_LOC,SN,hourly,sell,23,200,135,,,,
SN_LOC_24,SN_IPP_LOC,SN,hourly,sell,24,200,135,,,,
SN_KAH_01,SENELEC,SN,hourly,sell,1,100,150,,,,
SN_KAH_02,SENELEC,SN,hourly,sell,2,100,150,,,,
SN_KAH_03,SENELEC,SN,hourly,sell,3,100,150,,,,
SN_KAH_04,SENELEC,SN,hourly,sell,4,100,150,,,,
SN_KAH_05,SENELEC,SN,hourly,sell,5,100,150,,,,
SN_KAH_06,SENELEC,SN,hourly,sell,6,100,150,,,,
SN_KAH_07,SENELEC,SN,hourly,sell,7,100,150,,,,
SN_KAH_08,SENELEC,SN,hourly,sell,8,100,150,,,,
SN_KAH_09,SENELEC,SN,hourly,sell,9,100,150,,,,
SN_KAH_10,SENELEC,SN,hourly,sell,10,100,150,,,,
SN_KAH_11,SENELEC,SN,hourly,sell,11,100,150,,,,
SN_KAH_12,SENELEC,SN,hourly,sell,12,100,150,,,,
SN_KAH_13,SENELEC,SN,hourly,sell,13,100,150,,,,
SN_KAH_14,SENELEC,SN,hourly,sell,14,100,150,,,,
SN_KAH_15,SENELEC,SN,hourly,sell,15,100,150,,,,
SN_KAH_16,SENELEC,SN,hourly,sell,16,100,150,,,,
SN_KAH_17,SENELEC,SN,hourly,sell,17,100,150,,,,
SN_KAH_18,SENELEC,SN,hourly,sell,18,100,150,,,,
SN_KAH_19,SENELEC,SN,hourly,sell,19,100,150,,,,
SN_KAH_20,SENELEC,SN,hourly,sell,20,100,150,,,,
SN_KAH_21,SENELEC,SN,hourly,sell,21,100,150,,,,
SN_KAH_22,SENELEC,SN,hourly,sell,22,100,150,,,,
SN_KAH_23,SENELEC,SN,hourly,sell,23,100,150,,,,
SN_KAH_24,SENELEC,SN,hourly,sell,24,100,150,,,,
ML_HYD_01,EDM,ML,hourly,sell,1,191,33,,,,
ML_HYD_02,EDM,ML,hourly,sell,2,191,33,,,,
ML_HYD_03,EDM,ML,hourly,sell,3,191,33,,,,
ML_HYD_04,EDM,ML,hourly,sell,4,191,33,,,,
ML_HYD_05,EDM,ML,hourly,sell,5,191,33,,,,
ML_HYD_06,EDM,ML,hourly,sell,6,191,33,,,,
ML_HYD_07,EDM,ML,hourly,sell,7,191,33,,,,
ML_HYD_08,EDM,ML,hourly,sell,8,191,33,,,,
ML_HYD_09,EDM,ML,hourly,sell,9,191,33,,,,
ML_HYD_10,EDM,ML,hourly,sell,10,191,33,,,,
ML_HYD_11,EDM,ML,hourly,sell,11,191,33,,,,
ML_HYD_12,EDM,ML,hourly,sell,12,191,33,,,,
ML_HYD_13,EDM,ML,hourly,sell,13,191,33,,,,
ML_HYD_14,EDM,ML,hourly,sell,14,191,33,,,,
ML_HYD_15,EDM,ML,hourly,sell,15,191,33,,,,
ML_HYD_16,EDM,ML,hourly,sell,16,191,33,,,,
ML_HYD_17,EDM,ML,hourly,sell,17,191,33,,,,
ML_HYD_18,EDM,ML,hourly,sell,18,191,33,,,,
ML_HYD_19,EDM,ML,hourly,sell,19,191,33,,,,
ML_HYD_20,EDM,ML,hourly,sell,20,191,33,,,,
ML_HYD_21,EDM,ML,hourly,sell,21,191,33,,,,
ML_HYD_22,EDM,ML,hourly,sell,22,191,33,,,,
ML_HYD_23,EDM,ML,hourly,sell,23,191,33,,,,
ML_HYD_24,EDM,ML,hourly,sell,24,191,33,,,,
ML_SOL_08,ML_IPP_SOL,ML,hourly,sell,8,10,1,,,,
ML_SOL_09,ML_IPP_SOL,ML,hourly,sell,9,19,1,,,,
ML_SOL_10,ML_IPP_SOL,ML,hourly,sell,10,27,1,,,,
ML_SOL_11,ML_IPP_SOL,ML,hourly,sell,11,32,1,,,,
ML_SOL_12,ML_IPP_SOL,ML,hourly,sell,12,36,1,,,,
ML_SOL_13,ML_IPP_SOL,ML,hourly,sell,13,38,1,,,,
ML_SOL_14,ML_IPP_SOL,ML,hourly,sell,14,36,1,,,,
ML_SOL_15,ML_IPP_SOL,ML,hourly,sell,15,32,1,,,,
ML_SOL_16,ML_IPP_SOL,ML,hourly,sell,16,27,1,,,,
ML_SOL_17,ML_IPP_SOL,ML,hourly,sell,17,19,1,,,,
ML_SOL_18,ML_IPP_SOL,ML,hourly,sell,18,10,1,,,,
ML_HFO_DAR_01,EDM,ML,hourly,sell,1,60,220,,,,
ML_HFO_DAR_02,EDM,ML,hourly,sell,2,60,220,,,,
ML_HFO_DAR_03,EDM,ML,hourly,sell,3,60,220,,,,
ML_HFO_DAR_04,EDM,ML,hourly,sell,4,60,220,,,,
ML_HFO_DAR_05,EDM,ML,hourly,sell,5,60,220,,,,
ML_HFO_DAR_06,EDM,ML,hourly,sell,6,60,220,,,,
ML_HFO_DAR_07,EDM,ML,hourly,sell,7,60,220,,,,
ML_HFO_DAR_08,EDM,ML,hourly,sell,8,60,220,,,,
ML_HFO_DAR_09,EDM,ML,hourly,sell,9,60,220,,,,
ML_HFO_DAR_10,EDM,ML,hourly,sell,10,60,220,,,,
ML_HFO_DAR_11,EDM,ML,hourly,sell,11,60,220,,,,
ML_HFO_DAR_12,EDM,ML,hourly,sell,12,60,220,,,,
ML_HFO_DAR_13,EDM,ML,hourly,sell,13,60,220,,,,
ML_HFO_DAR_14,EDM,ML,hourly,sell,14,60,220,,,,
ML_HFO_DAR_15,EDM,ML,hourly,sell,15,60,220,,,,
ML_HFO_DAR_16,EDM,ML,hourly,sell,16,60,220,,,,
ML_HFO_DAR_17,EDM,ML,hourly,sell,17,60,220,,,,
ML_HFO_DAR_18,EDM,ML,hourly,sell,18,60,220,,,,
ML_HFO_DAR_19,EDM,ML,hourly,sell,19,60,220,,,,
ML_HFO_DAR_20,EDM,ML,hourly,sell,20,60,220,,,,
ML_HFO_DAR_21,EDM,ML,hourly,sell,21,60,220,,,,
ML_HFO_DAR_22,EDM,ML,hourly,sell,22,60,220,,,,
ML_HFO_DAR_23,EDM,ML,hourly,sell,23,60,220,,,,
ML_HFO_DAR_24,EDM,ML,hourly,sell,24,60,220,,,,
ML_DSL_01,EDM,ML,hourly,sell,1,40,320,,,,
ML_DSL_02,EDM,ML,hourly,sell,2,40,320,,,,
ML_DSL_03,EDM,ML,hourly,sell,3,40,320,,,,
ML_DSL_04,EDM,ML,hourly,sell,4,40,320,,,,
ML_DSL_05,EDM,ML,hourly,sell,5,40,320,,,,
ML_DSL_06,EDM,ML,hourly,sell,6,40,320,,,,
ML_DSL_07,EDM,ML,hourly,sell,7,40,320,,,,
ML_DSL_08,EDM,ML,hourly,sell,8,40,320,,,,
ML_DSL_09,EDM,ML,hourly,sell,9,40,320,,,,
ML_DSL_10,EDM,ML,hourly,sell,10,40,320,,,,
ML_DSL_11,EDM,ML,hourly,sell,11,40,320,,,,
ML_DSL_12,EDM,ML,hourly,sell,12,40,320,,,,
ML_DSL_13,EDM,ML,hourly,sell,13,40,320,,,,
ML_DSL_14,EDM,ML,hourly,sell,14,40,320,,,,
ML_DSL_15,EDM,ML,hourly,sell,15,40,320,,,,
ML_DSL_16,EDM,ML,hourly,sell,16,40,320,,,,
ML_DSL_17,EDM,ML,hourly,sell,17,40,320,,,,
ML_DSL_18,EDM,ML,hourly,sell,18,40,320,,,,
ML_DSL_19,EDM,ML,hourly,sell,19,40,320,,,,
ML_DSL_20,EDM,ML,hourly,sell,20,40,320,,,,
ML_DSL_21,EDM,ML,hourly,sell,21,40,320,,,,
ML_DSL_22,EDM,ML,hourly,sell,22,40,320,,,,
ML_DSL_23,EDM,ML,hourly,sell,23,40,320,,,,
ML_DSL_24,EDM,ML,hourly,sell,24,40,320,,,,
CI_HYD_ROR_01,CIE,CI,hourly,sell,1,350,33,,,,
CI_HYD_ROR_02,CIE,CI,hourly,sell,2,350,33,,,,
CI_HYD_ROR_03,CIE,CI,hourly,sell,3,350,33,,,,
CI_HYD_ROR_04,CIE,CI,hourly,sell,4,350,33,,,,
CI_HYD_ROR_05,CIE,CI,hourly,sell,5,350,33,,,,
CI_HYD_ROR_06,CIE,CI,hourly,sell,6,350,33,,,,
CI_HYD_ROR_07,CIE,CI,hourly,sell,7,350,33,,,,
CI_HYD_ROR_08,CIE,CI,hourly,sell,8,350,33,,,,
CI_HYD_ROR_09,CIE,CI,hourly,sell,9,350,33,,,,
CI_HYD_ROR_10,CIE,CI,hourly,sell,10,350,33,,,,
CI_HYD_ROR_11,CIE,CI,hourly,sell,11,350,33,,,,
CI_HYD_ROR_12,CIE,CI,hourly,sell,12,350,33,,,,
CI_HYD_ROR_13,CIE,CI,hourly,sell,13,350,33,,,,
CI_HYD_ROR_14,CIE,CI,hourly,sell,14,350,33,,,,
CI_HYD_ROR_15,CIE,CI,hourly,sell,15,350,33,,,,
CI_HYD_ROR_16,CIE,CI,hourly,sell,16,350,33,,,,
CI_HYD_ROR_17,CIE,CI,hourly,sell,17,350,33,,,,
CI_HYD_ROR_18,CIE,CI,hourly,sell,18,350,33,,,,
CI_HYD_ROR_19,CIE,CI,hourly,sell,19,350,33,,,,
CI_HYD_ROR_20,CIE,CI,hourly,sell,20,350,33,,,,
CI_HYD_ROR_21,CIE,CI,hourly,sell,21,350,33,,,,
CI_HYD_ROR_22,CIE,CI,hourly,sell,22,350,33,,,,
CI_HYD_ROR_23,CIE,CI,hourly,sell,23,350,33,,,,
CI_HYD_ROR_24,CIE,CI,hourly,sell,24,350,33,,,,
CI_GAS_FLEX_01,CI_IPP_GAS,CI,hourly,sell,1,300,60,,,,
CI_GAS_FLEX_02,CI_IPP_GAS,CI,hourly,sell,2,300,60,,,,
CI_GAS_FLEX_03,CI_IPP_GAS,CI,hourly,sell,3,300,60,,,,
CI_GAS_FLEX_04,CI_IPP_GAS,CI,hourly,sell,4,300,60,,,,
CI_GAS_FLEX_05,CI_IPP_GAS,CI,hourly,sell,5,300,60,,,,
CI_GAS_FLEX_06,CI_IPP_GAS,CI,hourly,sell,6,300,60,,,,
CI_GAS_FLEX_07,CI_IPP_GAS,CI,hourly,sell,7,300,60,,,,
CI_GAS_FLEX_08,CI_IPP_GAS,CI,hourly,sell,8,300,60,,,,
CI_GAS_FLEX_09,CI_IPP_GAS,CI,hourly,sell,9,300,60,,,,
CI_GAS_FLEX_10,CI_IPP_GAS,CI,hourly,sell,10,300,60,,,,
CI_GAS_FLEX_11,CI_IPP_GAS,CI,hourly,sell,11,300,60,,,,
CI_GAS_FLEX_12,CI_IPP_GAS,CI,hourly,sell,12,300,60,,,,
CI_GAS_FLEX_13,CI_IPP_GAS,CI,hourly,sell,13,300,60,,,,
CI_GAS_FLEX_14,CI_IPP_GAS,CI,hourly,sell,14,300,60,,,,
CI_GAS_FLEX_15,CI_IPP_GAS,CI,hourly,sell,15,300,60,,,,
CI_GAS_FLEX_16,CI_IPP_GAS,CI,hourly,sell,16,300,60,,,,
CI_GAS_FLEX_17,CI_IPP_GAS,CI,hourly,sell,17,300,60,,,,
CI_GAS_FLEX_18,CI_IPP_GAS,CI,hourly,sell,18,300,60,,,,
CI_GAS_FLEX_19,CI_IPP_GAS,CI,hourly,sell,19,300,60,,,,
CI_GAS_FLEX_20,CI_IPP_GAS,CI,hourly,sell,20,300,60,,,,
CI_GAS_FLEX_21,CI_IPP_GAS,CI,hourly,sell,21,300,60,,,,
CI_GAS_FLEX_22,CI_IPP_GAS,CI,hourly,sell,22,300,60,,,,
CI_GAS_FLEX_23,CI_IPP_GAS,CI,hourly,sell,23,300,60,,,,
CI_GAS_FLEX_24,CI_IPP_GAS,CI,hourly,sell,24,300,60,,,,
CI_GAS2_01,CI_IPP_GAS,CI,hourly,sell,1,400,85,,,,
CI_GAS2_02,CI_IPP_GAS,CI,hourly,sell,2,400,85,,,,
CI_GAS2_03,CI_IPP_GAS,CI,hourly,sell,3,400,85,,,,
CI_GAS2_04,CI_IPP_GAS,CI,hourly,sell,4,400,85,,,,
CI_GAS2_05,CI_IPP_GAS,CI,hourly,sell,5,400,85,,,,
CI_GAS2_06,CI_IPP_GAS,CI,hourly,sell,6,400,85,,,,
CI_GAS2_07,CI_IPP_GAS,CI,hourly,sell,7,400,85,,,,
CI_GAS2_08,CI_IPP_GAS,CI,hourly,sell,8,400,85,,,,
CI_GAS2_09,CI_IPP_GAS,CI,hourly,sell,9,400,85,,,,
CI_GAS2_10,CI_IPP_GAS,CI,hourly,sell,10,400,85,,,,
CI_GAS2_11,CI_IPP_GAS,CI,hourly,sell,11,400,85,,,,
CI_GAS2_12,CI_IPP_GAS,CI,hourly,sell,12,400,85,,,,
CI_GAS2_13,CI_IPP_GAS,CI,hourly,sell,13,400,85,,,,
CI_GAS2_14,CI_IPP_GAS,CI,hourly,sell,14,400,85,,,,
CI_GAS2_15,CI_IPP_GAS,CI,hourly,sell,15,400,85,,,,
CI_GAS2_16,CI_IPP_GAS,CI,hourly,sell,16,400,85,,,,
CI_GAS2_17,CI_IPP_GAS,CI,hourly,sell,17,400,85,,,,
CI_GAS2_18,CI_IPP_GAS,CI,hourly,sell,18,400,85,,,,
CI_GAS2_19,CI_IPP_GAS,CI,hourly,sell,19,400,85,,,,
CI_GAS2_20,CI_IPP_GAS,CI,hourly,sell,20,400,85,,,,
CI_GAS2_21,CI_IPP_GAS,CI,hourly,sell,21,400,85,,,,
CI_GAS2_22,CI_IPP_GAS,CI,hourly,sell,22,400,85,,,,
CI_GAS2_23,CI_IPP_GAS,CI,hourly,sell,23,400,85,,,,
CI_GAS2_24,CI_IPP_GAS,CI,hourly,sell,24,400,85,,,,
CI_GAS3_01,CIE,CI,hourly,sell,1,300,130,,,,
CI_GAS3_02,CIE,CI,hourly,sell,2,300,130,,,,
CI_GAS3_03,CIE,CI,hourly,sell,3,300,130,,,,
CI_GAS3_04,CIE,CI,hourly,sell,4,300,130,,,,
CI_GAS3_05,CIE,CI,hourly,sell,5,300,130,,,,
CI_GAS3_06,CIE,CI,hourly,sell,6,300,130,,,,
CI_GAS3_07,CIE,CI,hourly,sell,7,300,130,,,,
CI_GAS3_08,CIE,CI,hourly,sell,8,300,130,,,,
CI_GAS3_09,CIE,CI,hourly,sell,9,300,130,,,,
CI_GAS3_10,CIE,CI,hourly,sell,10,300,130,,,,
CI_GAS3_11,CIE,CI,hourly,sell,11,300,130,,,,
CI_GAS3_12,CIE,CI,hourly,sell,12,300,130,,,,
CI_GAS3_13,CIE,CI,hourly,sell,13,300,130,,,,
CI_GAS3_14,CIE,CI,hourly,sell,14,300,130,,,,
CI_GAS3_15,CIE,CI,hourly,sell,15,300,130,,,,
CI_GAS3_16,CIE,CI,hourly,sell,16,300,130,,,,
CI_GAS3_17,CIE,CI,hourly,sell,17,300,130,,,,
CI_GAS3_18,CIE,CI,hourly,sell,18,300,130,,,,
CI_GAS3_19,CIE,CI,hourly,sell,19,300,130,,,,
CI_GAS3_20,CIE,CI,hourly,sell,20,300,130,,,,
CI_GAS3_21,CIE,CI,hourly,sell,21,300,130,,,,
CI_GAS3_22,CIE,CI,hourly,sell,22,300,130,,,,
CI_GAS3_23,CIE,CI,hourly,sell,23,300,130,,,,
CI_GAS3_24,CIE,CI,hourly,sell,24,300,130,,,,
CI_HFO_01,CIE,CI,hourly,sell,1,200,200,,,,
CI_HFO_02,CIE,CI,hourly,sell,2,200,200,,,,
CI_HFO_03,CIE,CI,hourly,sell,3,200,200,,,,
CI_HFO_04,CIE,CI,hourly,sell,4,200,200,,,,
CI_HFO_05,CIE,CI,hourly,sell,5,200,200,,,,
CI_HFO_06,CIE,CI,hourly,sell,6,200,200,,,,
CI_HFO_07,CIE,CI,hourly,sell,7,200,200,,,,
CI_HFO_08,CIE,CI,hourly,sell,8,200,200,,,,
CI_HFO_09,CIE,CI,hourly,sell,9,200,200,,,,
CI_HFO_10,CIE,CI,hourly,sell,10,200,200,,,,
CI_HFO_11,CIE,CI,hourly,sell,11,200,200,,,,
CI_HFO_12,CIE,CI,hourly,sell,12,200,200,,,,
CI_HFO_13,CIE,CI,hourly,sell,13,200,200,,,,
CI_HFO_14,CIE,CI,hourly,sell,14,200,200,,,,
CI_HFO_15,CIE,CI,hourly,sell,15,200,200,,,,
CI_HFO_16,CIE,CI,hourly,sell,16,200,200,,,,
CI_HFO_17,CIE,CI,hourly,sell,17,200,200,,,,
CI_HFO_18,CIE,CI,hourly,sell,18,200,200,,,,
CI_HFO_19,CIE,CI,hourly,sell,19,200,200,,,,
CI_HFO_20,CIE,CI,hourly,sell,20,200,200,,,,
CI_HFO_21,CIE,CI,hourly,sell,21,200,200,,,,
CI_HFO_22,CIE,CI,hourly,sell,22,200,200,,,,
CI_HFO_23,CIE,CI,hourly,sell,23,200,200,,,,
CI_HFO_24,CIE,CI,hourly,sell,24,200,200,,,,
GN_HYD_ROR_01,EDG,GN,hourly,sell,1,300,33,,,,
GN_HYD_ROR_02,EDG,GN,hourly,sell,2,300,33,,,,
GN_HYD_ROR_03,EDG,GN,hourly,sell,3,300,33,,,,
GN_HYD_ROR_04,EDG,GN,hourly,sell,4,300,33,,,,
GN_HYD_ROR_05,EDG,GN,hourly,sell,5,300,33,,,,
GN_HYD_ROR_06,EDG,GN,hourly,sell,6,300,33,,,,
GN_HYD_ROR_07,EDG,GN,hourly,sell,7,300,33,,,,
GN_HYD_ROR_08,EDG,GN,hourly,sell,8,300,33,,,,
GN_HYD_ROR_09,EDG,GN,hourly,sell,9,300,33,,,,
GN_HYD_ROR_10,EDG,GN,hourly,sell,10,300,33,,,,
GN_HYD_ROR_11,EDG,GN,hourly,sell,11,300,33,,,,
GN_HYD_ROR_12,EDG,GN,hourly,sell,12,300,33,,,,
GN_HYD_ROR_13,EDG,GN,hourly,sell,13,300,33,,,,
GN_HYD_ROR_14,EDG,GN,hourly,sell,14,300,33,,,,
GN_HYD_ROR_15,EDG,GN,hourly,sell,15,300,33,,,,
GN_HYD_ROR_16,EDG,GN,hourly,sell,16,300,33,,,,
GN_HYD_ROR_17,EDG,GN,hourly,sell,17,300,33,,,,
GN_HYD_ROR_18,EDG,GN,hourly,sell,18,300,33,,,,
GN_HYD_ROR_19,EDG,GN,hourly,sell,19,300,33,,,,
GN_HYD_ROR_20,EDG,GN,hourly,sell,20,300,33,,,,
GN_HYD_ROR_21,EDG,GN,hourly,sell,21,300,33,,,,
GN_HYD_ROR_22,EDG,GN,hourly,sell,22,300,33,,,,
GN_HYD_ROR_23,EDG,GN,hourly,sell,23,300,33,,,,
GN_HYD_ROR_24,EDG,GN,hourly,sell,24,300,33,,,,
GN_HFO_TEP_01,EDG,GN,hourly,sell,1,100,150,,,,
GN_HFO_TEP_02,EDG,GN,hourly,sell,2,100,150,,,,
GN_HFO_TEP_03,EDG,GN,hourly,sell,3,100,150,,,,
GN_HFO_TEP_04,EDG,GN,hourly,sell,4,100,150,,,,
GN_HFO_TEP_05,EDG,GN,hourly,sell,5,100,150,,,,
GN_HFO_TEP_06,EDG,GN,hourly,sell,6,100,150,,,,
GN_HFO_TEP_07,EDG,GN,hourly,sell,7,100,150,,,,
GN_HFO_TEP_08,EDG,GN,hourly,sell,8,100,150,,,,
GN_HFO_TEP_09,EDG,GN,hourly,sell,9,100,150,,,,
GN_HFO_TEP_10,EDG,GN,hourly,sell,10,100,150,,,,
GN_HFO_TEP_11,EDG,GN,hourly,sell,11,100,150,,,,
GN_HFO_TEP_12,EDG,GN,hourly,sell,12,100,150,,,,
GN_HFO_TEP_13,EDG,GN,hourly,sell,13,100,150,,,,
GN_HFO_TEP_14,EDG,GN,hourly,sell,14,100,150,,,,
GN_HFO_TEP_15,EDG,GN,hourly,sell,15,100,150,,,,
GN_HFO_TEP_16,EDG,GN,hourly,sell,16,100,150,,,,
GN_HFO_TEP_17,EDG,GN,hourly,sell,17,100,150,,,,
GN_HFO_TEP_18,EDG,GN,hourly,sell,18,100,150,,,,
GN_HFO_TEP_19,EDG,GN,hourly,sell,19,100,150,,,,
GN_HFO_TEP_20,EDG,GN,hourly,sell,20,100,150,,,,
GN_HFO_TEP_21,EDG,GN,hourly,sell,21,100,150,,,,
GN_HFO_TEP_22,EDG,GN,hourly,sell,22,100,150,,,,
GN_HFO_TEP_23,EDG,GN,hourly,sell,23,100,150,,,,
GN_HFO_TEP_24,EDG,GN,hourly,sell,24,100,150,,,,
SN_SENDOU,SN_IPP_COAL,SN,block,sell,1,115,61.0,0.6,,,
SN_SENDOU,SN_IPP_COAL,SN,block,sell,2,115,61.0,0.6,,,
SN_SENDOU,SN_IPP_COAL,SN,block,sell,3,115,61.0,0.6,,,
SN_SENDOU,SN_IPP_COAL,SN,block,sell,4,115,61.0,0.6,,,
SN_SENDOU,SN_IPP_COAL,SN,block,sell,5,115,61.0,0.6,,,
SN_SENDOU,SN_IPP_COAL,SN,block,sell,6,115,61.0,0.6,,,
SN_SENDOU,SN_IPP_COAL,SN,block,sell,7,115,61.0,0.6,,,
SN_SENDOU,SN_IPP_COAL,SN,block,sell,8,115,61.0,0.6,,,
SN_SENDOU,SN_IPP_COAL,SN,block,sell,9,115,61.0,0.6,,,
SN_SENDOU,SN_IPP_COAL,SN,block,sell,10,115,61.0,0.6,,,
SN_SENDOU,SN_IPP_COAL,SN,block,sell,11,115,61.0,0.6,,,
SN_SENDOU,SN_IPP_COAL,SN,block,sell,12,115,61.0,0.6,,,
SN_SENDOU,SN_IPP_COAL,SN,block,sell,13,115,61.0,0.6,,,
SN_SENDOU,SN_IPP_COAL,SN,block,sell,14,115,61.0,0.6,,,
SN_SENDOU,SN_IPP_COAL,SN,block,sell,15,115,61.0,0.6,,,
SN_SENDOU,SN_IPP_COAL,SN,block,sell,16,115,61.0,0.6,,,
SN_SENDOU,SN_IPP_COAL,SN,block,sell,17,115,61.0,0.6,,,
SN_SENDOU,SN_IPP_COAL,SN,block,sell,18,115,61.0,0.6,,,
SN_SENDOU,SN_IPP_COAL,SN,block,sell,19,115,61.0,0.6,,,
SN_SENDOU,SN_IPP_COAL,SN,block,sell,20,115,61.0,0.6,,,
SN_SENDOU,SN_IPP_COAL,SN,block,sell,21,115,61.0,0.6,,,
SN_SENDOU,SN_IPP_COAL,SN,block,sell,22,115,61.0,0.6,,,
SN_SENDOU,SN_IPP_COAL,SN,block,sell,23,115,61.0,0.6,,,
SN_SENDOU,SN_IPP_COAL,SN,block,sell,24,115,61.0,0.6,,,
SN_KOUN_PK,SN_IPP_HFO,SN,block,sell,18,67,160.0,1.0,,,
SN_KOUN_PK,SN_IPP_HFO,SN,block,sell,19,67,160.0,1.0,,,
SN_KOUN_PK,SN_IPP_HFO,SN,block,sell,20,67,160.0,1.0,,,
SN_KOUN_PK,SN_IPP_HFO,SN,block,sell,21,67,160.0,1.0,,,
SN_KOUN_PK,SN_IPP_HFO,SN,block,sell,22,67,160.0,1.0,,,
SN_KOUN_PK,SN_IPP_HFO,SN,block,sell,23,67,160.0,1.0,,,
SN_KOUN_DAY,SN_IPP_HFO,SN,block,sell,7,67,125.0,1.0,SN_KOUN_PK,,
SN_KOUN_DAY,SN_IPP_HFO,SN,block,sell,8,67,125.0,1.0,SN_KOUN_PK,,
SN_KOUN_DAY,SN_IPP_HFO,SN,block,sell,9,67,125.0,1.0,SN_KOUN_PK,,
SN_KOUN_DAY,SN_IPP_HFO,SN,block,sell,10,67,125.0,1.0,SN_KOUN_PK,,
SN_KOUN_DAY,SN_IPP_HFO,SN,block,sell,11,67,125.0,1.0,SN_KOUN_PK,,
SN_KOUN_DAY,SN_IPP_HFO,SN,block,sell,12,67,125.0,1.0,SN_KOUN_PK,,
SN_KOUN_DAY,SN_IPP_HFO,SN,block,sell,13,67,125.0,1.0,SN_KOUN_PK,,
SN_KOUN_DAY,SN_IPP_HFO,SN,block,sell,14,67,125.0,1.0,SN_KOUN_PK,,
SN_KOUN_DAY,SN_IPP_HFO,SN,block,sell,15,67,125.0,1.0,SN_KOUN_PK,,
SN_KOUN_DAY,SN_IPP_HFO,SN,block,sell,16,67,125.0,1.0,SN_KOUN_PK,,
SN_KOUN_DAY,SN_IPP_HFO,SN,block,sell,17,67,125.0,1.0,SN_KOUN_PK,,
SN_TOB_PK,SN_IPP_HFO,SN,block,sell,18,96,150.0,1.0,,,
SN_TOB_PK,SN_IPP_HFO,SN,block,sell,19,96,150.0,1.0,,,
SN_TOB_PK,SN_IPP_HFO,SN,block,sell,20,96,150.0,1.0,,,
SN_TOB_PK,SN_IPP_HFO,SN,block,sell,21,96,150.0,1.0,,,
SN_TOB_PK,SN_IPP_HFO,SN,block,sell,22,96,150.0,1.0,,,
SN_TOB_PK,SN_IPP_HFO,SN,block,sell,23,96,150.0,1.0,,,
SN_TOB_DAY,SN_IPP_HFO,SN,block,sell,7,96,122.0,1.0,SN_TOB_PK,,
SN_TOB_DAY,SN_IPP_HFO,SN,block,sell,8,96,122.0,1.0,SN_TOB_PK,,
SN_TOB_DAY,SN_IPP_HFO,SN,block,sell,9,96,122.0,1.0,SN_TOB_PK,,
SN_TOB_DAY,SN_IPP_HFO,SN,block,sell,10,96,122.0,1.0,SN_TOB_PK,,
SN_TOB_DAY,SN_IPP_HFO,SN,block,sell,11,96,122.0,1.0,SN_TOB_PK,,
SN_TOB_DAY,SN_IPP_HFO,SN,block,sell,12,96,122.0,1.0,SN_TOB_PK,,
SN_TOB_DAY,SN_IPP_HFO,SN,block,sell,13,96,122.0,1.0,SN_TOB_PK,,
SN_TOB_DAY,SN_IPP_HFO,SN,block,sell,14,96,122.0,1.0,SN_TOB_PK,,
SN_TOB_DAY,SN_IPP_HFO,SN,block,sell,15,96,122.0,1.0,SN_TOB_PK,,
SN_TOB_DAY,SN_IPP_HFO,SN,block,sell,16,96,122.0,1.0,SN_TOB_PK,,
SN_TOB_DAY,SN_IPP_HFO,SN,block,sell,17,96,122.0,1.0,SN_TOB_PK,,
SN_CDB_PK,SN_IPP_HFO,SN,block,sell,18,86,165.0,1.0,,,
SN_CDB_PK,SN_IPP_HFO,SN,block,sell,19,86,165.0,1.0,,,
SN_CDB_PK,SN_IPP_HFO,SN,block,sell,20,86,165.0,1.0,,,
SN_CDB_PK,SN_IPP_HFO,SN,block,sell,21,86,165.0,1.0,,,
SN_CDB_PK,SN_IPP_HFO,SN,block,sell,22,86,165.0,1.0,,,
SN_CDB_PK,SN_IPP_HFO,SN,block,sell,23,86,165.0,1.0,,,
SN_CDB_DAY,SN_IPP_HFO,SN,block,sell,7,86,128.0,1.0,SN_CDB_PK,,
SN_CDB_DAY,SN_IPP_HFO,SN,block,sell,8,86,128.0,1.0,SN_CDB_PK,,
SN_CDB_DAY,SN_IPP_HFO,SN,block,sell,9,86,128.0,1.0,SN_CDB_PK,,
SN_CDB_DAY,SN_IPP_HFO,SN,block,sell,10,86,128.0,1.0,SN_CDB_PK,,
SN_CDB_DAY,SN_IPP_HFO,SN,block,sell,11,86,128.0,1.0,SN_CDB_PK,,
SN_CDB_DAY,SN_IPP_HFO,SN,block,sell,12,86,128.0,1.0,SN_CDB_PK,,
SN_CDB_DAY,SN_IPP_HFO,SN,block,sell,13,86,128.0,1.0,SN_CDB_PK,,
SN_CDB_DAY,SN_IPP_HFO,SN,block,sell,14,86,128.0,1.0,SN_CDB_PK,,
SN_CDB_DAY,SN_IPP_HFO,SN,block,sell,15,86,128.0,1.0,SN_CDB_PK,,
SN_CDB_DAY,SN_IPP_HFO,SN,block,sell,16,86,128.0,1.0,SN_CDB_PK,,
SN_CDB_DAY,SN_IPP_HFO,SN,block,sell,17,86,128.0,1.0,SN_CDB_PK,,
SN_MAL_6H,SN_IPP_HFO,SN,block,sell,18,120,145.0,1.0,,SN_MAL,
SN_MAL_6H,SN_IPP_HFO,SN,block,sell,19,120,145.0,1.0,,SN_MAL,
SN_MAL_6H,SN_IPP_HFO,SN,block,sell,20,120,145.0,1.0,,SN_MAL,
SN_MAL_6H,SN_IPP_HFO,SN,block,sell,21,120,145.0,1.0,,SN_MAL,
SN_MAL_6H,SN_IPP_HFO,SN,block,sell,22,120,145.0,1.0,,SN_MAL,
SN_MAL_6H,SN_IPP_HFO,SN,block,sell,23,120,145.0,1.0,,SN_MAL,
SN_MAL_12H,SN_IPP_HFO,SN,block,sell,12,120,135.0,1.0,,SN_MAL,
SN_MAL_12H,SN_IPP_HFO,SN,block,sell,13,120,135.0,1.0,,SN_MAL,
SN_MAL_12H,SN_IPP_HFO,SN,block,sell,14,120,135.0,1.0,,SN_MAL,
SN_MAL_12H,SN_IPP_HFO,SN,block,sell,15,120,135.0,1.0,,SN_MAL,
SN_MAL_12H,SN_IPP_HFO,SN,block,sell,16,120,135.0,1.0,,SN_MAL,
SN_MAL_12H,SN_IPP_HFO,SN,block,sell,17,120,135.0,1.0,,SN_MAL,
SN_MAL_12H,SN_IPP_HFO,SN,block,sell,18,120,135.0,1.0,,SN_MAL,
SN_MAL_12H,SN_IPP_HFO,SN,block,sell,19,120,135.0,1.0,,SN_MAL,
SN_MAL_12H,SN_IPP_HFO,SN,block,sell,20,120,135.0,1.0,,SN_MAL,
SN_MAL_12H,SN_IPP_HFO,SN,block,sell,21,120,135.0,1.0,,SN_MAL,
SN_MAL_12H,SN_IPP_HFO,SN,block,sell,22,120,135.0,1.0,,SN_MAL,
SN_MAL_12H,SN_IPP_HFO,SN,block,sell,23,120,135.0,1.0,,SN_MAL,
SN_MAL_24H,SN_IPP_HFO,SN,block,sell,1,120,128.0,0.7,,SN_MAL,
SN_MAL_24H,SN_IPP_HFO,SN,block,sell,2,120,128.0,0.7,,SN_MAL,
SN_MAL_24H,SN_IPP_HFO,SN,block,sell,3,120,128.0,0.7,,SN_MAL,
SN_MAL_24H,SN_IPP_HFO,SN,block,sell,4,120,128.0,0.7,,SN_MAL,
SN_MAL_24H,SN_IPP_HFO,SN,block,sell,5,120,128.0,0.7,,SN_MAL,
SN_MAL_24H,SN_IPP_HFO,SN,block,sell,6,120,128.0,0.7,,SN_MAL,
SN_MAL_24H,SN_IPP_HFO,SN,block,sell,7,120,128.0,0.7,,SN_MAL,
SN_MAL_24H,SN_IPP_HFO,SN,block,sell,8,120,128.0,0.7,,SN_MAL,
SN_MAL_24H,SN_IPP_HFO,SN,block,sell,9,120,128.0,0.7,,SN_MAL,
SN_MAL_24H,SN_IPP_HFO,SN,block,sell,10,120,128.0,0.7,,SN_MAL,
SN_MAL_24H,SN_IPP_HFO,SN,block,sell,11,120,128.0,0.7,,SN_MAL,
SN_MAL_24H,SN_IPP_HFO,SN,block,sell,12,120,128.0,0.7,,SN_MAL,
SN_MAL_24H,SN_IPP_HFO,SN,block,sell,13,120,128.0,0.7,,SN_MAL,
SN_MAL_24H,SN_IPP_HFO,SN,block,sell,14,120,128.0,0.7,,SN_MAL,
SN_MAL_24H,SN_IPP_HFO,SN,block,sell,15,120,128.0,0.7,,SN_MAL,
SN_MAL_24H,SN_IPP_HFO,SN,block,sell,16,120,128.0,0.7,,SN_MAL,
SN_MAL_24H,SN_IPP_HFO,SN,block,sell,17,120,128.0,0.7,,SN_MAL,
SN_MAL_24H,SN_IPP_HFO,SN,block,sell,18,120,128.0,0.7,,SN_MAL,
SN_MAL_24H,SN_IPP_HFO,SN,block,sell,19,120,128.0,0.7,,SN_MAL,
SN_MAL_24H,SN_IPP_HFO,SN,block,sell,20,120,128.0,0.7,,SN_MAL,
SN_MAL_24H,SN_IPP_HFO,SN,block,sell,21,120,128.0,0.7,,SN_MAL,
SN_MAL_24H,SN_IPP_HFO,SN,block,sell,22,120,128.0,0.7,,SN_MAL,
SN_MAL_24H,SN_IPP_HFO,SN,block,sell,23,120,128.0,0.7,,SN_MAL,
SN_MAL_24H,SN_IPP_HFO,SN,block,sell,24,120,128.0,0.7,,SN_MAL,
SN_TAG_2H,SENELEC,SN,block,sell,20,100,380.0,1.0,,SN_TAGPK,
SN_TAG_2H,SENELEC,SN,block,sell,21,100,380.0,1.0,,SN_TAGPK,
SN_TAG_4H,SENELEC,SN,block,sell,19,100,360.0,1.0,,SN_TAGPK,
SN_TAG_4H,SENELEC,SN,block,sell,20,100,360.0,1.0,,SN_TAGPK,
SN_TAG_4H,SENELEC,SN,block,sell,21,100,360.0,1.0,,SN_TAGPK,
SN_TAG_4H,SENELEC,SN,block,sell,22,100,360.0,1.0,,SN_TAGPK,
SN_CIMENT,SN_IND_CIMENT,SN,block,buy,1,40,200.0,1.0,,,
SN_CIMENT,SN_IND_CIMENT,SN,block,buy,2,40,200.0,1.0,,,
SN_CIMENT,SN_IND_CIMENT,SN,block,buy,3,40,200.0,1.0,,,
SN_CIMENT,SN_IND_CIMENT,SN,block,buy,4,40,200.0,1.0,,,
SN_CIMENT,SN_IND_CIMENT,SN,block,buy,5,40,200.0,1.0,,,
SN_CIMENT,SN_IND_CIMENT,SN,block,buy,6,40,200.0,1.0,,,
SN_CIMENT,SN_IND_CIMENT,SN,block,buy,7,40,200.0,1.0,,,
SN_CIMENT,SN_IND_CIMENT,SN,block,buy,8,40,200.0,1.0,,,
SN_CIMENT,SN_IND_CIMENT,SN,block,buy,9,40,200.0,1.0,,,
SN_CIMENT,SN_IND_CIMENT,SN,block,buy,10,40,200.0,1.0,,,
SN_CIMENT,SN_IND_CIMENT,SN,block,buy,11,40,200.0,1.0,,,
SN_CIMENT,SN_IND_CIMENT,SN,block,buy,12,40,200.0,1.0,,,
SN_CIMENT,SN_IND_CIMENT,SN,block,buy,13,40,200.0,1.0,,,
SN_CIMENT,SN_IND_CIMENT,SN,block,buy,14,40,200.0,1.0,,,
SN_CIMENT,SN_IND_CIMENT,SN,block,buy,15,40,200.0,1.0,,,
SN_CIMENT,SN_IND_CIMENT,SN,block,buy,16,40,200.0,1.0,,,
SN_CIMENT,SN_IND_CIMENT,SN,block,buy,17,40,200.0,1.0,,,
SN_CIMENT,SN_IND_CIMENT,SN,block,buy,18,40,200.0,1.0,,,
SN_CIMENT,SN_IND_CIMENT,SN,block,buy,19,40,200.0,1.0,,,
SN_CIMENT,SN_IND_CIMENT,SN,block,buy,20,40,200.0,1.0,,,
SN_CIMENT,SN_IND_CIMENT,SN,block,buy,21,40,200.0,1.0,,,
SN_CIMENT,SN_IND_CIMENT,SN,block,buy,22,40,200.0,1.0,,,
SN_CIMENT,SN_IND_CIMENT,SN,block,buy,23,40,200.0,1.0,,,
SN_CIMENT,SN_IND_CIMENT,SN,block,buy,24,40,200.0,1.0,,,
ML_SEL_PK,EDM,ML,block,sell,18,46,40.0,1.0,,ML_SEL,
ML_SEL_PK,EDM,ML,block,sell,19,46,40.0,1.0,,ML_SEL,
ML_SEL_PK,EDM,ML,block,sell,20,46,40.0,1.0,,ML_SEL,
ML_SEL_PK,EDM,ML,block,sell,21,46,40.0,1.0,,ML_SEL,
ML_SEL_PK,EDM,ML,block,sell,22,46,40.0,1.0,,ML_SEL,
ML_SEL_PK,EDM,ML,block,sell,23,46,40.0,1.0,,ML_SEL,
ML_SEL_12H,EDM,ML,block,sell,12,30,38.0,1.0,,ML_SEL,
ML_SEL_12H,EDM,ML,block,sell,13,30,38.0,1.0,,ML_SEL,
ML_SEL_12H,EDM,ML,block,sell,14,30,38.0,1.0,,ML_SEL,
ML_SEL_12H,EDM,ML,block,sell,15,30,38.0,1.0,,ML_SEL,
ML_SEL_12H,EDM,ML,block,sell,16,30,38.0,1.0,,ML_SEL,
ML_SEL_12H,EDM,ML,block,sell,17,30,38.0,1.0,,ML_SEL,
ML_SEL_12H,EDM,ML,block,sell,18,30,38.0,1.0,,ML_SEL,
ML_SEL_12H,EDM,ML,block,sell,19,30,38.0,1.0,,ML_SEL,
ML_SEL_12H,EDM,ML,block,sell,20,30,38.0,1.0,,ML_SEL,
ML_SEL_12H,EDM,ML,block,sell,21,30,38.0,1.0,,ML_SEL,
ML_SEL_12H,EDM,ML,block,sell,22,30,38.0,1.0,,ML_SEL,
ML_SEL_12H,EDM,ML,block,sell,23,30,38.0,1.0,,ML_SEL,
ML_BAL_PK,EDM,ML,block,sell,18,90,240.0,1.0,,,
ML_BAL_PK,EDM,ML,block,sell,19,90,240.0,1.0,,,
ML_BAL_PK,EDM,ML,block,sell,20,90,240.0,1.0,,,
ML_BAL_PK,EDM,ML,block,sell,21,90,240.0,1.0,,,
ML_BAL_PK,EDM,ML,block,sell,22,90,240.0,1.0,,,
ML_BAL_PK,EDM,ML,block,sell,23,90,240.0,1.0,,,
ML_BAL_DAY,EDM,ML,block,sell,7,90,215.0,1.0,ML_BAL_PK,,
ML_BAL_DAY,EDM,ML,block,sell,8,90,215.0,1.0,ML_BAL_PK,,
ML_BAL_DAY,EDM,ML,block,sell,9,90,215.0,1.0,ML_BAL_PK,,
ML_BAL_DAY,EDM,ML,block,sell,10,90,215.0,1.0,ML_BAL_PK,,
ML_BAL_DAY,EDM,ML,block,sell,11,90,215.0,1.0,ML_BAL_PK,,
ML_BAL_DAY,EDM,ML,block,sell,12,90,215.0,1.0,ML_BAL_PK,,
ML_BAL_DAY,EDM,ML,block,sell,13,90,215.0,1.0,ML_BAL_PK,,
ML_BAL_DAY,EDM,ML,block,sell,14,90,215.0,1.0,ML_BAL_PK,,
ML_BAL_DAY,EDM,ML,block,sell,15,90,215.0,1.0,ML_BAL_PK,,
ML_BAL_DAY,EDM,ML,block,sell,16,90,215.0,1.0,ML_BAL_PK,,
ML_BAL_DAY,EDM,ML,block,sell,17,90,215.0,1.0,ML_BAL_PK,,
ML_SIR_PK,EDM,ML,block,sell,18,60,250.0,1.0,,,
ML_SIR_PK,EDM,ML,block,sell,19,60,250.0,1.0,,,
ML_SIR_PK,EDM,ML,block,sell,20,60,250.0,1.0,,,
ML_SIR_PK,EDM,ML,block,sell,21,60,250.0,1.0,,,
ML_SIR_PK,EDM,ML,block,sell,22,60,250.0,1.0,,,
ML_SIR_PK,EDM,ML,block,sell,23,60,250.0,1.0,,,
ML_SIR_DAY,EDM,ML,block,sell,7,60,225.0,1.0,ML_SIR_PK,,
ML_SIR_DAY,EDM,ML,block,sell,8,60,225.0,1.0,ML_SIR_PK,,
ML_SIR_DAY,EDM,ML,block,sell,9,60,225.0,1.0,ML_SIR_PK,,
ML_SIR_DAY,EDM,ML,block,sell,10,60,225.0,1.0,ML_SIR_PK,,
ML_SIR_DAY,EDM,ML,block,sell,11,60,225.0,1.0,ML_SIR_PK,,
ML_SIR_DAY,EDM,ML,block,sell,12,60,225.0,1.0,ML_SIR_PK,,
ML_SIR_DAY,EDM,ML,block,sell,13,60,225.0,1.0,ML_SIR_PK,,
ML_SIR_DAY,EDM,ML,block,sell,14,60,225.0,1.0,ML_SIR_PK,,
ML_SIR_DAY,EDM,ML,block,sell,15,60,225.0,1.0,ML_SIR_PK,,
ML_SIR_DAY,EDM,ML,block,sell,16,60,225.0,1.0,ML_SIR_PK,,
ML_SIR_DAY,EDM,ML,block,sell,17,60,225.0,1.0,ML_SIR_PK,,
ML_AGG_24H,ML_IPP_LOC,ML,block,sell,1,50,300.0,0.5,,,
ML_AGG_24H,ML_IPP_LOC,ML,block,sell,2,50,300.0,0.5,,,
ML_AGG_24H,ML_IPP_LOC,ML,block,sell,3,50,300.0,0.5,,,
ML_AGG_24H,ML_IPP_LOC,ML,block,sell,4,50,300.0,0.5,,,
ML_AGG_24H,ML_IPP_LOC,ML,block,sell,5,50,300.0,0.5,,,
ML_AGG_24H,ML_IPP_LOC,ML,block,sell,6,50,300.0,0.5,,,
ML_AGG_24H,ML_IPP_LOC,ML,block,sell,7,50,300.0,0.5,,,
ML_AGG_24H,ML_IPP_LOC,ML,block,sell,8,50,300.0,0.5,,,
ML_AGG_24H,ML_IPP_LOC,ML,block,sell,9,50,300.0,0.5,,,
ML_AGG_24H,ML_IPP_LOC,ML,block,sell,10,50,300.0,0.5,,,
ML_AGG_24H,ML_IPP_LOC,ML,block,sell,11,50,300.0,0.5,,,
ML_AGG_24H,ML_IPP_LOC,ML,block,sell,12,50,300.0,0.5,,,
ML_AGG_24H,ML_IPP_LOC,ML,block,sell,13,50,300.0,0.5,,,
ML_AGG_24H,ML_IPP_LOC,ML,block,sell,14,50,300.0,0.5,,,
ML_AGG_24H,ML_IPP_LOC,ML,block,sell,15,50,300.0,0.5,,,
ML_AGG_24H,ML_IPP_LOC,ML,block,sell,16,50,300.0,0.5,,,
ML_AGG_24H,ML_IPP_LOC,ML,block,sell,17,50,300.0,0.5,,,
ML_AGG_24H,ML_IPP_LOC,ML,block,sell,18,50,300.0,0.5,,,
ML_AGG_24H,ML_IPP_LOC,ML,block,sell,19,50,300.0,0.5,,,
ML_AGG_24H,ML_IPP_LOC,ML,block,sell,20,50,300.0,0.5,,,
ML_AGG_24H,ML_IPP_LOC,ML,block,sell,21,50,300.0,0.5,,,
ML_AGG_24H,ML_IPP_LOC,ML,block,sell,22,50,300.0,0.5,,,
ML_AGG_24H,ML_IPP_LOC,ML,block,sell,23,50,300.0,0.5,,,
ML_AGG_24H,ML_IPP_LOC,ML,block,sell,24,50,300.0,0.5,,,
ML_MINES,ML_IND_MINES,ML,block,buy,1,60,250.0,1.0,,,
ML_MINES,ML_IND_MINES,ML,block,buy,2,60,250.0,1.0,,,
ML_MINES,ML_IND_MINES,ML,block,buy,3,60,250.0,1.0,,,
ML_MINES,ML_IND_MINES,ML,block,buy,4,60,250.0,1.0,,,
ML_MINES,ML_IND_MINES,ML,block,buy,5,60,250.0,1.0,,,
ML_MINES,ML_IND_MINES,ML,block,buy,6,60,250.0,1.0,,,
ML_MINES,ML_IND_MINES,ML,block,buy,7,60,250.0,1.0,,,
ML_MINES,ML_IND_MINES,ML,block,buy,8,60,250.0,1.0,,,
ML_MINES,ML_IND_MINES,ML,block,buy,9,60,250.0,1.0,,,
ML_MINES,ML_IND_MINES,ML,block,buy,10,60,250.0,1.0,,,
ML_MINES,ML_IND_MINES,ML,block,buy,11,60,250.0,1.0,,,
ML_MINES,ML_IND_MINES,ML,block,buy,12,60,250.0,1.0,,,
ML_MINES,ML_IND_MINES,ML,block,buy,13,60,250.0,1.0,,,
ML_MINES,ML_IND_MINES,ML,block,buy,14,60,250.0,1.0,,,
ML_MINES,ML_IND_MINES,ML,block,buy,15,60,250.0,1.0,,,
ML_MINES,ML_IND_MINES,ML,block,buy,16,60,250.0,1.0,,,
ML_MINES,ML_IND_MINES,ML,block,buy,17,60,250.0,1.0,,,
ML_MINES,ML_IND_MINES,ML,block,buy,18,60,250.0,1.0,,,
ML_MINES,ML_IND_MINES,ML,block,buy,19,60,250.0,1.0,,,
ML_MINES,ML_IND_MINES,ML,block,buy,20,60,250.0,1.0,,,
ML_MINES,ML_IND_MINES,ML,block,buy,21,60,250.0,1.0,,,
ML_MINES,ML_IND_MINES,ML,block,buy,22,60,250.0,1.0,,,
ML_MINES,ML_IND_MINES,ML,block,buy,23,60,250.0,1.0,,,
ML_MINES,ML_IND_MINES,ML,block,buy,24,60,250.0,1.0,,,
CI_AZI_BASE,CI_IPP_GAS,CI,block,sell,1,300,52.0,0.6,,,
CI_AZI_BASE,CI_IPP_GAS,CI,block,sell,2,300,52.0,0.6,,,
CI_AZI_BASE,CI_IPP_GAS,CI,block,sell,3,300,52.0,0.6,,,
CI_AZI_BASE,CI_IPP_GAS,CI,block,sell,4,300,52.0,0.6,,,
CI_AZI_BASE,CI_IPP_GAS,CI,block,sell,5,300,52.0,0.6,,,
CI_AZI_BASE,CI_IPP_GAS,CI,block,sell,6,300,52.0,0.6,,,
CI_AZI_BASE,CI_IPP_GAS,CI,block,sell,7,300,52.0,0.6,,,
CI_AZI_BASE,CI_IPP_GAS,CI,block,sell,8,300,52.0,0.6,,,
CI_AZI_BASE,CI_IPP_GAS,CI,block,sell,9,300,52.0,0.6,,,
CI_AZI_BASE,CI_IPP_GAS,CI,block,sell,10,300,52.0,0.6,,,
CI_AZI_BASE,CI_IPP_GAS,CI,block,sell,11,300,52.0,0.6,,,
CI_AZI_BASE,CI_IPP_GAS,CI,block,sell,12,300,52.0,0.6,,,
CI_AZI_BASE,CI_IPP_GAS,CI,block,sell,13,300,52.0,0.6,,,
CI_AZI_BASE,CI_IPP_GAS,CI,block,sell,14,300,52.0,0.6,,,
CI_AZI_BASE,CI_IPP_GAS,CI,block,sell,15,300,52.0,0.6,,,
CI_AZI_BASE,CI_IPP_GAS,CI,block,sell,16,300,52.0,0.6,,,
CI_AZI_BASE,CI_IPP_GAS,CI,block,sell,17,300,52.0,0.6,,,
CI_AZI_BASE,CI_IPP_GAS,CI,block,sell,18,300,52.0,0.6,,,
CI_AZI_BASE,CI_IPP_GAS,CI,block,sell,19,300,52.0,0.6,,,
CI_AZI_BASE,CI_IPP_GAS,CI,block,sell,20,300,52.0,0.6,,,
CI_AZI_BASE,CI_IPP_GAS,CI,block,sell,21,300,52.0,0.6,,,
CI_AZI_BASE,CI_IPP_GAS,CI,block,sell,22,300,52.0,0.6,,,
CI_AZI_BASE,CI_IPP_GAS,CI,block,sell,23,300,52.0,0.6,,,
CI_AZI_BASE,CI_IPP_GAS,CI,block,sell,24,300,52.0,0.6,,,
CI_AZI_PK,CI_IPP_GAS,CI,block,sell,18,100,70.0,1.0,CI_AZI_BASE,,
CI_AZI_PK,CI_IPP_GAS,CI,block,sell,19,100,70.0,1.0,CI_AZI_BASE,,
CI_AZI_PK,CI_IPP_GAS,CI,block,sell,20,100,70.0,1.0,CI_AZI_BASE,,
CI_AZI_PK,CI_IPP_GAS,CI,block,sell,21,100,70.0,1.0,CI_AZI_BASE,,
CI_AZI_PK,CI_IPP_GAS,CI,block,sell,22,100,70.0,1.0,CI_AZI_BASE,,
CI_AZI_PK,CI_IPP_GAS,CI,block,sell,23,100,70.0,1.0,CI_AZI_BASE,,
CI_CIP_BASE,CI_IPP_GAS,CI,block,sell,1,250,55.0,0.6,,,
CI_CIP_BASE,CI_IPP_GAS,CI,block,sell,2,250,55.0,0.6,,,
CI_CIP_BASE,CI_IPP_GAS,CI,block,sell,3,250,55.0,0.6,,,
CI_CIP_BASE,CI_IPP_GAS,CI,block,sell,4,250,55.0,0.6,,,
CI_CIP_BASE,CI_IPP_GAS,CI,block,sell,5,250,55.0,0.6,,,
CI_CIP_BASE,CI_IPP_GAS,CI,block,sell,6,250,55.0,0.6,,,
CI_CIP_BASE,CI_IPP_GAS,CI,block,sell,7,250,55.0,0.6,,,
CI_CIP_BASE,CI_IPP_GAS,CI,block,sell,8,250,55.0,0.6,,,
CI_CIP_BASE,CI_IPP_GAS,CI,block,sell,9,250,55.0,0.6,,,
CI_CIP_BASE,CI_IPP_GAS,CI,block,sell,10,250,55.0,0.6,,,
CI_CIP_BASE,CI_IPP_GAS,CI,block,sell,11,250,55.0,0.6,,,
CI_CIP_BASE,CI_IPP_GAS,CI,block,sell,12,250,55.0,0.6,,,
CI_CIP_BASE,CI_IPP_GAS,CI,block,sell,13,250,55.0,0.6,,,
CI_CIP_BASE,CI_IPP_GAS,CI,block,sell,14,250,55.0,0.6,,,
CI_CIP_BASE,CI_IPP_GAS,CI,block,sell,15,250,55.0,0.6,,,
CI_CIP_BASE,CI_IPP_GAS,CI,block,sell,16,250,55.0,0.6,,,
CI_CIP_BASE,CI_IPP_GAS,CI,block,sell,17,250,55.0,0.6,,,
CI_CIP_BASE,CI_IPP_GAS,CI,block,sell,18,250,55.0,0.6,,,
CI_CIP_BASE,CI_IPP_GAS,CI,block,sell,19,250,55.0,0.6,,,
CI_CIP_BASE,CI_IPP_GAS,CI,block,sell,20,250,55.0,0.6,,,
CI_CIP_BASE,CI_IPP_GAS,CI,block,sell,21,250,55.0,0.6,,,
CI_CIP_BASE,CI_IPP_GAS,CI,block,sell,22,250,55.0,0.6,,,
CI_CIP_BASE,CI_IPP_GAS,CI,block,sell,23,250,55.0,0.6,,,
CI_CIP_BASE,CI_IPP_GAS,CI,block,sell,24,250,55.0,0.6,,,
CI_CIP_PK,CI_IPP_GAS,CI,block,sell,18,100,72.0,1.0,CI_CIP_BASE,,
CI_CIP_PK,CI_IPP_GAS,CI,block,sell,19,100,72.0,1.0,CI_CIP_BASE,,
CI_CIP_PK,CI_IPP_GAS,CI,block,sell,20,100,72.0,1.0,CI_CIP_BASE,,
CI_CIP_PK,CI_IPP_GAS,CI,block,sell,21,100,72.0,1.0,CI_CIP_BASE,,
CI_CIP_PK,CI_IPP_GAS,CI,block,sell,22,100,72.0,1.0,CI_CIP_BASE,,
CI_CIP_PK,CI_IPP_GAS,CI,block,sell,23,100,72.0,1.0,CI_CIP_BASE,,
CI_ATK_BASE,CI_IPP_GAS,CI,block,sell,1,200,58.0,0.5,,,
CI_ATK_BASE,CI_IPP_GAS,CI,block,sell,2,200,58.0,0.5,,,
CI_ATK_BASE,CI_IPP_GAS,CI,block,sell,3,200,58.0,0.5,,,
CI_ATK_BASE,CI_IPP_GAS,CI,block,sell,4,200,58.0,0.5,,,
CI_ATK_BASE,CI_IPP_GAS,CI,block,sell,5,200,58.0,0.5,,,
CI_ATK_BASE,CI_IPP_GAS,CI,block,sell,6,200,58.0,0.5,,,
CI_ATK_BASE,CI_IPP_GAS,CI,block,sell,7,200,58.0,0.5,,,
CI_ATK_BASE,CI_IPP_GAS,CI,block,sell,8,200,58.0,0.5,,,
CI_ATK_BASE,CI_IPP_GAS,CI,block,sell,9,200,58.0,0.5,,,
CI_ATK_BASE,CI_IPP_GAS,CI,block,sell,10,200,58.0,0.5,,,
CI_ATK_BASE,CI_IPP_GAS,CI,block,sell,11,200,58.0,0.5,,,
CI_ATK_BASE,CI_IPP_GAS,CI,block,sell,12,200,58.0,0.5,,,
CI_ATK_BASE,CI_IPP_GAS,CI,block,sell,13,200,58.0,0.5,,,
CI_ATK_BASE,CI_IPP_GAS,CI,block,sell,14,200,58.0,0.5,,,
CI_ATK_BASE,CI_IPP_GAS,CI,block,sell,15,200,58.0,0.5,,,
CI_ATK_BASE,CI_IPP_GAS,CI,block,sell,16,200,58.0,0.5,,,
CI_ATK_BASE,CI_IPP_GAS,CI,block,sell,17,200,58.0,0.5,,,
CI_ATK_BASE,CI_IPP_GAS,CI,block,sell,18,200,58.0,0.5,,,
CI_ATK_BASE,CI_IPP_GAS,CI,block,sell,19,200,58.0,0.5,,,
CI_ATK_BASE,CI_IPP_GAS,CI,block,sell,20,200,58.0,0.5,,,
CI_ATK_BASE,CI_IPP_GAS,CI,block,sell,21,200,58.0,0.5,,,
CI_ATK_BASE,CI_IPP_GAS,CI,block,sell,22,200,58.0,0.5,,,
CI_ATK_BASE,CI_IPP_GAS,CI,block,sell,23,200,58.0,0.5,,,
CI_ATK_BASE,CI_IPP_GAS,CI,block,sell,24,200,58.0,0.5,,,
CI_SOU_PK,CIE,CI,block,sell,18,275,35.0,1.0,,CI_SOU,
CI_SOU_PK,CIE,CI,block,sell,19,275,35.0,1.0,,CI_SOU,
CI_SOU_PK,CIE,CI,block,sell,20,275,35.0,1.0,,CI_SOU,
CI_SOU_PK,CIE,CI,block,sell,21,275,35.0,1.0,,CI_SOU,
CI_SOU_PK,CIE,CI,block,sell,22,275,35.0,1.0,,CI_SOU,
CI_SOU_PK,CIE,CI,block,sell,23,275,35.0,1.0,,CI_SOU,
CI_SOU_12H,CIE,CI,block,sell,10,200,34.0,1.0,,CI_SOU,
CI_SOU_12H,CIE,CI,block,sell,11,200,34.0,1.0,,CI_SOU,
CI_SOU_12H,CIE,CI,block,sell,12,200,34.0,1.0,,CI_SOU,
CI_SOU_12H,CIE,CI,block,sell,13,200,34.0,1.0,,CI_SOU,
CI_SOU_12H,CIE,CI,block,sell,14,200,34.0,1.0,,CI_SOU,
CI_SOU_12H,CIE,CI,block,sell,15,200,34.0,1.0,,CI_SOU,
CI_SOU_12H,CIE,CI,block,sell,16,200,34.0,1.0,,CI_SOU,
CI_SOU_12H,CIE,CI,block,sell,17,200,34.0,1.0,,CI_SOU,
CI_SOU_12H,CIE,CI,block,sell,18,200,34.0,1.0,,CI_SOU,
CI_SOU_12H,CIE,CI,block,sell,19,200,34.0,1.0,,CI_SOU,
CI_SOU_12H,CIE,CI,block,sell,20,200,34.0,1.0,,CI_SOU,
CI_SOU_12H,CIE,CI,block,sell,21,200,34.0,1.0,,CI_SOU,
CI_SOU_12H,CIE,CI,block,sell,22,200,34.0,1.0,,CI_SOU,
CI_SOU_12H,CIE,CI,block,sell,23,200,34.0,1.0,,CI_SOU,
CI_SOU_FLAT,CIE,CI,block,sell,1,120,33.0,0.8,,CI_SOU,
CI_SOU_FLAT,CIE,CI,block,sell,2,120,33.0,0.8,,CI_SOU,
CI_SOU_FLAT,CIE,CI,block,sell,3,120,33.0,0.8,,CI_SOU,
CI_SOU_FLAT,CIE,CI,block,sell,4,120,33.0,0.8,,CI_SOU,
CI_SOU_FLAT,CIE,CI,block,sell,5,120,33.0,0.8,,CI_SOU,
CI_SOU_FLAT,CIE,CI,block,sell,6,120,33.0,0.8,,CI_SOU,
CI_SOU_FLAT,CIE,CI,block,sell,7,120,33.0,0.8,,CI_SOU,
CI_SOU_FLAT,CIE,CI,block,sell,8,120,33.0,0.8,,CI_SOU,
CI_SOU_FLAT,CIE,CI,block,sell,9,120,33.0,0.8,,CI_SOU,
CI_SOU_FLAT,CIE,CI,block,sell,10,120,33.0,0.8,,CI_SOU,
CI_SOU_FLAT,CIE,CI,block,sell,11,120,33.0,0.8,,CI_SOU,
CI_SOU_FLAT,CIE,CI,block,sell,12,120,33.0,0.8,,CI_SOU,
CI_SOU_FLAT,CIE,CI,block,sell,13,120,33.0,0.8,,CI_SOU,
CI_SOU_FLAT,CIE,CI,block,sell,14,120,33.0,0.8,,CI_SOU,
CI_SOU_FLAT,CIE,CI,block,sell,15,120,33.0,0.8,,CI_SOU,
CI_SOU_FLAT,CIE,CI,block,sell,16,120,33.0,0.8,,CI_SOU,
CI_SOU_FLAT,CIE,CI,block,sell,17,120,33.0,0.8,,CI_SOU,
CI_SOU_FLAT,CIE,CI,block,sell,18,120,33.0,0.8,,CI_SOU,
CI_SOU_FLAT,CIE,CI,block,sell,19,120,33.0,0.8,,CI_SOU,
CI_SOU_FLAT,CIE,CI,block,sell,20,120,33.0,0.8,,CI_SOU,
CI_SOU_FLAT,CIE,CI,block,sell,21,120,33.0,0.8,,CI_SOU,
CI_SOU_FLAT,CIE,CI,block,sell,22,120,33.0,0.8,,CI_SOU,
CI_SOU_FLAT,CIE,CI,block,sell,23,120,33.0,0.8,,CI_SOU,
CI_SOU_FLAT,CIE,CI,block,sell,24,120,33.0,0.8,,CI_SOU,
CI_KOS_PK,CIE,CI,block,sell,18,150,36.0,1.0,,CI_KOS,
CI_KOS_PK,CIE,CI,block,sell,19,150,36.0,1.0,,CI_KOS,
CI_KOS_PK,CIE,CI,block,sell,20,150,36.0,1.0,,CI_KOS,
CI_KOS_PK,CIE,CI,block,sell,21,150,36.0,1.0,,CI_KOS,
CI_KOS_PK,CIE,CI,block,sell,22,150,36.0,1.0,,CI_KOS,
CI_KOS_PK,CIE,CI,block,sell,23,150,36.0,1.0,,CI_KOS,
CI_KOS_12H,CIE,CI,block,sell,12,100,35.0,1.0,,CI_KOS,
CI_KOS_12H,CIE,CI,block,sell,13,100,35.0,1.0,,CI_KOS,
CI_KOS_12H,CIE,CI,block,sell,14,100,35.0,1.0,,CI_KOS,
CI_KOS_12H,CIE,CI,block,sell,15,100,35.0,1.0,,CI_KOS,
CI_KOS_12H,CIE,CI,block,sell,16,100,35.0,1.0,,CI_KOS,
CI_KOS_12H,CIE,CI,block,sell,17,100,35.0,1.0,,CI_KOS,
CI_KOS_12H,CIE,CI,block,sell,18,100,35.0,1.0,,CI_KOS,
CI_KOS_12H,CIE,CI,block,sell,19,100,35.0,1.0,,CI_KOS,
CI_KOS_12H,CIE,CI,block,sell,20,100,35.0,1.0,,CI_KOS,
CI_KOS_12H,CIE,CI,block,sell,21,100,35.0,1.0,,CI_KOS,
CI_KOS_12H,CIE,CI,block,sell,22,100,35.0,1.0,,CI_KOS,
CI_KOS_12H,CIE,CI,block,sell,23,100,35.0,1.0,,CI_KOS,
CI_OCGT_4H,CIE,CI,block,sell,19,150,140.0,1.0,,CI_OCGT,
CI_OCGT_4H,CIE,CI,block,sell,20,150,140.0,1.0,,CI_OCGT,
CI_OCGT_4H,CIE,CI,block,sell,21,150,140.0,1.0,,CI_OCGT,
CI_OCGT_4H,CIE,CI,block,sell,22,150,140.0,1.0,,CI_OCGT,
CI_OCGT_6H,CIE,CI,block,sell,18,150,132.0,1.0,,CI_OCGT,
CI_OCGT_6H,CIE,CI,block,sell,19,150,132.0,1.0,,CI_OCGT,
CI_OCGT_6H,CIE,CI,block,sell,20,150,132.0,1.0,,CI_OCGT,
CI_OCGT_6H,CIE,CI,block,sell,21,150,132.0,1.0,,CI_OCGT,
CI_OCGT_6H,CIE,CI,block,sell,22,150,132.0,1.0,,CI_OCGT,
CI_OCGT_6H,CIE,CI,block,sell,23,150,132.0,1.0,,CI_OCGT,
CI_INDUS,CI_IND,CI,block,buy,1,100,150.0,1.0,,,
CI_INDUS,CI_IND,CI,block,buy,2,100,150.0,1.0,,,
CI_INDUS,CI_IND,CI,block,buy,3,100,150.0,1.0,,,
CI_INDUS,CI_IND,CI,block,buy,4,100,150.0,1.0,,,
CI_INDUS,CI_IND,CI,block,buy,5,100,150.0,1.0,,,
CI_INDUS,CI_IND,CI,block,buy,6,100,150.0,1.0,,,
CI_INDUS,CI_IND,CI,block,buy,7,100,150.0,1.0,,,
CI_INDUS,CI_IND,CI,block,buy,8,100,150.0,1.0,,,
CI_INDUS,CI_IND,CI,block,buy,9,100,150.0,1.0,,,
CI_INDUS,CI_IND,CI,block,buy,10,100,150.0,1.0,,,
CI_INDUS,CI_IND,CI,block,buy,11,100,150.0,1.0,,,
CI_INDUS,CI_IND,CI,block,buy,12,100,150.0,1.0,,,
CI_INDUS,CI_IND,CI,block,buy,13,100,150.0,1.0,,,
CI_INDUS,CI_IND,CI,block,buy,14,100,150.0,1.0,,,
CI_INDUS,CI_IND,CI,block,buy,15,100,150.0,1.0,,,
CI_INDUS,CI_IND,CI,block,buy,16,100,150.0,1.0,,,
CI_INDUS,CI_IND,CI,block,buy,17,100,150.0,1.0,,,
CI_INDUS,CI_IND,CI,block,buy,18,100,150.0,1.0,,,
CI_INDUS,CI_IND,CI,block,buy,19,100,150.0,1.0,,,
CI_INDUS,CI_IND,CI,block,buy,20,100,150.0,1.0,,,
CI_INDUS,CI_IND,CI,block,buy,21,100,150.0,1.0,,,
CI_INDUS,CI_IND,CI,block,buy,22,100,150.0,1.0,,,
CI_INDUS,CI_IND,CI,block,buy,23,100,150.0,1.0,,,
CI_INDUS,CI_IND,CI,block,buy,24,100,150.0,1.0,,,
GN_SOUA_FLAT,EDG,GN,block,sell,1,300,33.0,0.6,,GN_SOUA,
GN_SOUA_FLAT,EDG,GN,block,sell,2,300,33.0,0.6,,GN_SOUA,
GN_SOUA_FLAT,EDG,GN,block,sell,3,300,33.0,0.6,,GN_SOUA,
GN_SOUA_FLAT,EDG,GN,block,sell,4,300,33.0,0.6,,GN_SOUA,
GN_SOUA_FLAT,EDG,GN,block,sell,5,300,33.0,0.6,,GN_SOUA,
GN_SOUA_FLAT,EDG,GN,block,sell,6,300,33.0,0.6,,GN_SOUA,
GN_SOUA_FLAT,EDG,GN,block,sell,7,300,33.0,0.6,,GN_SOUA,
GN_SOUA_FLAT,EDG,GN,block,sell,8,300,33.0,0.6,,GN_SOUA,
GN_SOUA_FLAT,EDG,GN,block,sell,9,300,33.0,0.6,,GN_SOUA,
GN_SOUA_FLAT,EDG,GN,block,sell,10,300,33.0,0.6,,GN_SOUA,
GN_SOUA_FLAT,EDG,GN,block,sell,11,300,33.0,0.6,,GN_SOUA,
GN_SOUA_FLAT,EDG,GN,block,sell,12,300,33.0,0.6,,GN_SOUA,
GN_SOUA_FLAT,EDG,GN,block,sell,13,300,33.0,0.6,,GN_SOUA,
GN_SOUA_FLAT,EDG,GN,block,sell,14,300,33.0,0.6,,GN_SOUA,
GN_SOUA_FLAT,EDG,GN,block,sell,15,300,33.0,0.6,,GN_SOUA,
GN_SOUA_FLAT,EDG,GN,block,sell,16,300,33.0,0.6,,GN_SOUA,
GN_SOUA_FLAT,EDG,GN,block,sell,17,300,33.0,0.6,,GN_SOUA,
GN_SOUA_FLAT,EDG,GN,block,sell,18,300,33.0,0.6,,GN_SOUA,
GN_SOUA_FLAT,EDG,GN,block,sell,19,300,33.0,0.6,,GN_SOUA,
GN_SOUA_FLAT,EDG,GN,block,sell,20,300,33.0,0.6,,GN_SOUA,
GN_SOUA_FLAT,EDG,GN,block,sell,21,300,33.0,0.6,,GN_SOUA,
GN_SOUA_FLAT,EDG,GN,block,sell,22,300,33.0,0.6,,GN_SOUA,
GN_SOUA_FLAT,EDG,GN,block,sell,23,300,33.0,0.6,,GN_SOUA,
GN_SOUA_FLAT,EDG,GN,block,sell,24,300,33.0,0.6,,GN_SOUA,
GN_SOUA_PK,EDG,GN,block,sell,17,450,36.0,1.0,,GN_SOUA,
GN_SOUA_PK,EDG,GN,block,sell,18,450,36.0,1.0,,GN_SOUA,
GN_SOUA_PK,EDG,GN,block,sell,19,450,36.0,1.0,,GN_SOUA,
GN_SOUA_PK,EDG,GN,block,sell,20,450,36.0,1.0,,GN_SOUA,
GN_SOUA_PK,EDG,GN,block,sell,21,450,36.0,1.0,,GN_SOUA,
GN_SOUA_PK,EDG,GN,block,sell,22,450,36.0,1.0,,GN_SOUA,
GN_SOUA_PK,EDG,GN,block,sell,23,450,36.0,1.0,,GN_SOUA,
GN_SOUA_12H,EDG,GN,block,sell,11,380,34.0,1.0,,GN_SOUA,
GN_SOUA_12H,EDG,GN,block,sell,12,380,34.0,1.0,,GN_SOUA,
GN_SOUA_12H,EDG,GN,block,sell,13,380,34.0,1.0,,GN_SOUA,
GN_SOUA_12H,EDG,GN,block,sell,14,380,34.0,1.0,,GN_SOUA,
GN_SOUA_12H,EDG,GN,block,sell,15,380,34.0,1.0,,GN_SOUA,
GN_SOUA_12H,EDG,GN,block,sell,16,380,34.0,1.0,,GN_SOUA,
GN_SOUA_12H,EDG,GN,block,sell,17,380,34.0,1.0,,GN_SOUA,
GN_SOUA_12H,EDG,GN,block,sell,18,380,34.0,1.0,,GN_SOUA,
GN_SOUA_12H,EDG,GN,block,sell,19,380,34.0,1.0,,GN_SOUA,
GN_SOUA_12H,EDG,GN,block,sell,20,380,34.0,1.0,,GN_SOUA,
GN_SOUA_12H,EDG,GN,block,sell,21,380,34.0,1.0,,GN_SOUA,
GN_SOUA_12H,EDG,GN,block,sell,22,380,34.0,1.0,,GN_SOUA,
GN_SOUA_12H,EDG,GN,block,sell,23,380,34.0,1.0,,GN_SOUA,
GN_KAL_PK,EDG,GN,block,sell,18,80,38.0,1.0,,,
GN_KAL_PK,EDG,GN,block,sell,19,80,38.0,1.0,,,
GN_KAL_PK,EDG,GN,block,sell,20,80,38.0,1.0,,,
GN_KAL_PK,EDG,GN,block,sell,21,80,38.0,1.0,,,
GN_KAL_PK,EDG,GN,block,sell,22,80,38.0,1.0,,,
GN_KAL_PK,EDG,GN,block,sell,23,80,38.0,1.0,,,
GN_KPS_24H,GN_IPP_KPS,GN,block,sell,1,110,140.0,0.5,,,
GN_KPS_24H,GN_IPP_KPS,GN,block,sell,2,110,140.0,0.5,,,
GN_KPS_24H,GN_IPP_KPS,GN,block,sell,3,110,140.0,0.5,,,
GN_KPS_24H,GN_IPP_KPS,GN,block,sell,4,110,140.0,0.5,,,
GN_KPS_24H,GN_IPP_KPS,GN,block,sell,5,110,140.0,0.5,,,
GN_KPS_24H,GN_IPP_KPS,GN,block,sell,6,110,140.0,0.5,,,
GN_KPS_24H,GN_IPP_KPS,GN,block,sell,7,110,140.0,0.5,,,
GN_KPS_24H,GN_IPP_KPS,GN,block,sell,8,110,140.0,0.5,,,
GN_KPS_24H,GN_IPP_KPS,GN,block,sell,9,110,140.0,0.5,,,
GN_KPS_24H,GN_IPP_KPS,GN,block,sell,10,110,140.0,0.5,,,
GN_KPS_24H,GN_IPP_KPS,GN,block,sell,11,110,140.0,0.5,,,
GN_KPS_24H,GN_IPP_KPS,GN,block,sell,12,110,140.0,0.5,,,
GN_KPS_24H,GN_IPP_KPS,GN,block,sell,13,110,140.0,0.5,,,
GN_KPS_24H,GN_IPP_KPS,GN,block,sell,14,110,140.0,0.5,,,
GN_KPS_24H,GN_IPP_KPS,GN,block,sell,15,110,140.0,0.5,,,
GN_KPS_24H,GN_IPP_KPS,GN,block,sell,16,110,140.0,0.5,,,
GN_KPS_24H,GN_IPP_KPS,GN,block,sell,17,110,140.0,0.5,,,
GN_KPS_24H,GN_IPP_KPS,GN,block,sell,18,110,140.0,0.5,,,
GN_KPS_24H,GN_IPP_KPS,GN,block,sell,19,110,140.0,0.5,,,
GN_KPS_24H,GN_IPP_KPS,GN,block,sell,20,110,140.0,0.5,,,
GN_KPS_24H,GN_IPP_KPS,GN,block,sell,21,110,140.0,0.5,,,
GN_KPS_24H,GN_IPP_KPS,GN,block,sell,22,110,140.0,0.5,,,
GN_KPS_24H,GN_IPP_KPS,GN,block,sell,23,110,140.0,0.5,,,
GN_KPS_24H,GN_IPP_KPS,GN,block,sell,24,110,140.0,0.5,,,
GN_TEP_PK,EDG,GN,block,sell,18,100,170.0,1.0,,,
GN_TEP_PK,EDG,GN,block,sell,19,100,170.0,1.0,,,
GN_TEP_PK,EDG,GN,block,sell,20,100,170.0,1.0,,,
GN_TEP_PK,EDG,GN,block,sell,21,100,170.0,1.0,,,
GN_TEP_PK,EDG,GN,block,sell,22,100,170.0,1.0,,,
GN_TEP_PK,EDG,GN,block,sell,23,100,170.0,1.0,,,
GN_TEP_DAY,EDG,GN,block,sell,7,100,150.0,1.0,GN_TEP_PK,,
GN_TEP_DAY,EDG,GN,block,sell,8,100,150.0,1.0,GN_TEP_PK,,
GN_TEP_DAY,EDG,GN,block,sell,9,100,150.0,1.0,GN_TEP_PK,,
GN_TEP_DAY,EDG,GN,block,sell,10,100,150.0,1.0,GN_TEP_PK,,
GN_TEP_DAY,EDG,GN,block,sell,11,100,150.0,1.0,GN_TEP_PK,,
GN_TEP_DAY,EDG,GN,block,sell,12,100,150.0,1.0,GN_TEP_PK,,
GN_TEP_DAY,EDG,GN,block,sell,13,100,150.0,1.0,GN_TEP_PK,,
GN_TEP_DAY,EDG,GN,block,sell,14,100,150.0,1.0,GN_TEP_PK,,
GN_TEP_DAY,EDG,GN,block,sell,15,100,150.0,1.0,GN_TEP_PK,,
GN_TEP_DAY,EDG,GN,block,sell,16,100,150.0,1.0,GN_TEP_PK,,
GN_TEP_DAY,EDG,GN,block,sell,17,100,150.0,1.0,GN_TEP_PK,,
GN_BAUX,GN_IND_BAUX,GN,block,buy,1,80,160.0,1.0,,,
GN_BAUX,GN_IND_BAUX,GN,block,buy,2,80,160.0,1.0,,,
GN_BAUX,GN_IND_BAUX,GN,block,buy,3,80,160.0,1.0,,,
GN_BAUX,GN_IND_BAUX,GN,block,buy,4,80,160.0,1.0,,,
GN_BAUX,GN_IND_BAUX,GN,block,buy,5,80,160.0,1.0,,,
GN_BAUX,GN_IND_BAUX,GN,block,buy,6,80,160.0,1.0,,,
GN_BAUX,GN_IND_BAUX,GN,block,buy,7,80,160.0,1.0,,,
GN_BAUX,GN_IND_BAUX,GN,block,buy,8,80,160.0,1.0,,,
GN_BAUX,GN_IND_BAUX,GN,block,buy,9,80,160.0,1.0,,,
GN_BAUX,GN_IND_BAUX,GN,block,buy,10,80,160.0,1.0,,,
GN_BAUX,GN_IND_BAUX,GN,block,buy,11,80,160.0,1.0,,,
GN_BAUX,GN_IND_BAUX,GN,block,buy,12,80,160.0,1.0,,,
GN_BAUX,GN_IND_BAUX,GN,block,buy,13,80,160.0,1.0,,,
GN_BAUX,GN_IND_BAUX,GN,block,buy,14,80,160.0,1.0,,,
GN_BAUX,GN_IND_BAUX,GN,block,buy,15,80,160.0,1.0,,,
GN_BAUX,GN_IND_BAUX,GN,block,buy,16,80,160.0,1.0,,,
GN_BAUX,GN_IND_BAUX,GN,block,buy,17,80,160.0,1.0,,,
GN_BAUX,GN_IND_BAUX,GN,block,buy,18,80,160.0,1.0,,,
GN_BAUX,GN_IND_BAUX,GN,block,buy,19,80,160.0,1.0,,,
GN_BAUX,GN_IND_BAUX,GN,block,buy,20,80,160.0,1.0,,,
GN_BAUX,GN_IND_BAUX,GN,block,buy,21,80,160.0,1.0,,,
GN_BAUX,GN_IND_BAUX,GN,block,buy,22,80,160.0,1.0,,,
GN_BAUX,GN_IND_BAUX,GN,block,buy,23,80,160.0,1.0,,,
GN_BAUX,GN_IND_BAUX,GN,block,buy,24,80,160.0,1.0,,,
