period,arc,flow_engine,flow_official,limit,limit_reverse
1,CALA-SICI,-238.2,-238.2,1638.0,1596.0
1,CALA-SUD,1387.0,1387.0,2744.0,2144.0
1,CNOR-CSUD,-1155.0,-1285.0,1957.0,3018.0
1,CNOR-NORD,396.1,396.1,4246.0,4103.0
1,CSUD-SARD,-82.2,-212.2,720.0,870.0
1,CSUD-SUD,-3234.5,-3234.5,2725.0,4851.0
2,CALA-SICI,-308.1,-308.1,1638.0,1596.0
2,CALA-SUD,1475.3,1475.3,2744.0,2144.0
2,CNOR-CSUD,-1344.8,-1474.8,1957.0,3018.0
2,CNOR-NORD,588.7,588.7,4246.0,4103.0
2,CSUD-SARD,-49.1,-179.1,720.0,870.0
2,CSUD-SUD,-3388.9,-3388.9,2725.0,4851.0
3,CALA-SICI,-323.4,-323.4,1638.0,1596.0
3,CALA-SUD,1517.9,1517.9,2744.0,2144.0
3,CNOR-CSUD,-2035.8,-2165.8,1957.0,3018.0
3,CNOR-NORD,1212.6,1212.6,4246.0,4103.0
3,CSUD-SARD,-476.8,-606.8,720.0,870.0
3,CSUD-SUD,-3555.7,-3555.7,2725.0,4851.0
4,CALA-SICI,-436.5,-436.5,1638.0,1596.0
4,CALA-SUD,1640.1,1641.2,2744.0,2144.0
4,CNOR-CSUD,-2328.5,-2459.6,1957.0,3018.0
4,CNOR-NORD,1563.0,1564.1,4246.0,4103.0
4,CSUD-SARD,-495.0,-625.0,720.0,870.0
4,CSUD-SUD,-3755.2,-3756.3,2725.0,4851.0
5,CALA-SICI,-452.3,-452.3,1638.0,1596.0
5,CALA-SUD,1659.4,1659.4,2744.0,2144.0
5,CNOR-CSUD,-1920.7,-2050.7,1957.0,3018.0
5,CNOR-NORD,1264.2,1264.2,4246.0,4103.0
5,CSUD-SARD,-112.5,-242.5,720.0,870.0
5,CSUD-SUD,-3647.3,-3647.3,2725.0,4851.0
6,CALA-SICI,-470.2,-470.2,1638.0,1596.0
6,CALA-SUD,1686.9,1686.9,2744.0,2144.0
6,CNOR-CSUD,-2160.2,-2290.2,1957.0,3018.0
6,CNOR-NORD,1388.4,1388.4,4246.0,4103.0
6,CSUD-SARD,-116.3,-246.3,720.0,870.0
6,CSUD-SUD,-3772.9,-3772.9,2725.0,4851.0
7,CALA-SICI,-478.8,-478.8,1638.0,1596.0
7,CALA-SUD,1703.1,1703.1,2744.0,2144.0
7,CNOR-CSUD,-2209.4,-2339.4,1957.0,3018.0
7,CNOR-NORD,1423.5,1423.5,4246.0,4103.0
7,CSUD-SARD,-128.5,-258.5,720.0,870.0
7,CSUD-SUD,-3749.0,-3749.0,2725.0,4851.0
8,CALA-SICI,-494.0,-493.8,1638.0,1596.0
8,CALA-SUD,1727.8,1727.6,2744.0,2144.0
8,CNOR-CSUD,-2259.1,-2392.6,1957.0,3018.0
8,CNOR-NORD,1497.8,1517.3,4246.0,4103.0
8,CSUD-SARD,-136.6,-264.7,720.0,870.0
8,CSUD-SUD,-3854.0,-3862.0,2725.0,4851.0
9,CALA-SICI,-536.8,-536.8,1648.0,1646.0
9,CALA-SUD,1658.5,1658.5,2744.0,2144.0
9,CNOR-CSUD,-2638.1,-2749.4,1894.0,2930.0
9,CNOR-NORD,1878.1,1878.1,4315.0,4236.0
9,CSUD-SARD,-351.6,-462.9,720.0,870.0
9,CSUD-SUD,-3761.3,-3761.3,2521.0,4851.0
10,CALA-SICI,-591.3,-591.3,1648.0,1646.0
10,CALA-SUD,1729.3,1729.3,2744.0,2144.0
10,CNOR-CSUD,-2818.7,-2930.0,1894.0,2930.0
10,CNOR-NORD,2103.7,2103.7,4315.0,4236.0
10,CSUD-SARD,-359.2,-470.5,720.0,870.0
10,CSUD-SUD,-3918.2,-3918.2,2521.0,4851.0
11,CALA-SICI,-576.7,-576.7,1648.0,1646.0
11,CALA-SUD,1679.8,1679.8,2744.0,2144.0
11,CNOR-CSUD,-2493.5,-2604.8,1894.0,2930.0
11,CNOR-NORD,1738.9,1738.9,4315.0,4236.0
11,CSUD-SARD,-156.5,-267.8,720.0,870.0
11,CSUD-SUD,-3784.2,-3784.2,2521.0,4851.0
12,CALA-SICI,-539.9,-539.9,1648.0,1646.0
12,CALA-SUD,1659.0,1659.0,2744.0,2144.0
12,CNOR-CSUD,-2582.0,-2693.3,1894.0,2930.0
12,CNOR-NORD,1849.3,1849.3,4315.0,4236.0
12,CSUD-SARD,-176.0,-287.3,720.0,870.0
12,CSUD-SUD,-3806.8,-3806.8,2521.0,4851.0
13,CALA-SICI,-557.3,-557.3,1648.0,1646.0
13,CALA-SUD,1678.1,1678.1,2744.0,1998.0
13,CNOR-CSUD,-2773.1,-2915.1,1894.0,2930.0
13,CNOR-NORD,2086.9,2086.9,4315.0,4236.0
13,CSUD-SARD,-546.3,-688.3,720.0,870.0
13,CSUD-SUD,-3810.1,-3810.1,2521.0,4851.0
14,CALA-SICI,-561.8,-561.8,1648.0,1646.0
14,CALA-SUD,1671.6,1671.6,2744.0,1998.0
14,CNOR-CSUD,-2740.1,-2882.1,1894.0,2930.0
14,CNOR-NORD,2055.5,2055.5,4315.0,4236.0
14,CSUD-SARD,-551.4,-693.4,720.0,870.0
14,CSUD-SUD,-3776.4,-3776.4,2521.0,4851.0
15,CALA-SICI,-605.8,-605.8,1648.0,1646.0
15,CALA-SUD,1734.5,1734.5,2744.0,1998.0
15,CNOR-CSUD,-2684.2,-2826.2,1894.0,2930.0
15,CNOR-NORD,1990.1,1990.1,4315.0,4236.0
15,CSUD-SARD,-181.4,-323.4,720.0,870.0
15,CSUD-SUD,-3884.4,-3884.4,2521.0,4851.0
16,CALA-SICI,-587.3,-587.3,1648.0,1646.0
16,CALA-SUD,1722.5,1722.5,2744.0,1998.0
16,CNOR-CSUD,-2732.5,-2874.5,1894.0,2930.0
16,CNOR-NORD,2037.8,2037.8,4315.0,4236.0
16,CSUD-SARD,-177.3,-319.3,720.0,870.0
16,CSUD-SUD,-3881.9,-3881.9,2521.0,4851.0
17,CALA-SICI,-538.1,-538.1,1652.0,1608.0
17,CALA-SUD,1435.5,1435.5,2880.0,1689.0
17,CNOR-CSUD,-2563.3,-2705.3,1808.0,2965.0
17,CNOR-NORD,1827.6,1827.6,4248.0,3330.0
17,CSUD-SARD,-598.4,-740.4,720.0,870.0
17,CSUD-SUD,-3425.0,-3425.0,2746.0,3425.0
18,CALA-SICI,-571.0,-571.0,1652.0,1608.0
18,CALA-SUD,1371.5,1371.5,2880.0,1689.0
18,CNOR-CSUD,-2529.8,-2666.2,1808.0,2965.0
18,CNOR-NORD,1824.1,1816.7,4248.0,3330.0
18,CSUD-SARD,-591.4,-732.8,720.0,870.0
18,CSUD-SUD,-3425.0,-3425.0,2746.0,3425.0
19,CALA-SICI,-516.2,-516.2,1652.0,1608.0
19,CALA-SUD,1399.8,1399.8,2880.0,1689.0
19,CNOR-CSUD,-2622.3,-2764.3,1808.0,2965.0
19,CNOR-NORD,1929.9,1929.9,4248.0,3330.0
19,CSUD-SARD,-595.6,-737.6,720.0,870.0
19,CSUD-SUD,-3425.0,-3425.0,2746.0,3425.0
20,CALA-SICI,-490.6,-490.6,1652.0,1608.0
20,CALA-SUD,1381.7,1381.7,2880.0,1689.0
20,CNOR-CSUD,-2609.5,-2751.5,1808.0,2965.0
20,CNOR-NORD,1977.4,1977.4,4248.0,3330.0
20,CSUD-SARD,-466.6,-608.6,720.0,870.0
20,CSUD-SUD,-3425.0,-3425.0,2746.0,3425.0
21,CALA-SICI,-487.6,-487.6,1652.0,1608.0
21,CALA-SUD,1310.2,1310.2,2880.0,1689.0
21,CNOR-CSUD,-2513.9,-2651.9,1808.0,2965.0
21,CNOR-NORD,1754.4,1754.4,4148.0,3330.0
21,CSUD-SARD,-621.6,-759.6,720.0,870.0
21,CSUD-SUD,-3425.0,-3425.0,2746.0,3425.0
22,CALA-SICI,-470.0,-470.0,1652.0,1608.0
22,CALA-SUD,1292.3,1292.3,2880.0,1689.0
22,CNOR-CSUD,-2441.4,-2579.4,1808.0,2965.0
22,CNOR-NORD,1684.9,1684.9,4148.0,3330.0
22,CSUD-SARD,-610.2,-748.2,720.0,870.0
22,CSUD-SUD,-3425.0,-3425.0,2746.0,3425.0
23,CALA-SICI,-435.2,-435.2,1652.0,1608.0
23,CALA-SUD,1351.1,1351.1,2880.0,1689.0
23,CNOR-CSUD,-1825.6,-1963.6,1808.0,2965.0
23,CNOR-NORD,1144.0,1144.0,4148.0,3330.0
23,CSUD-SARD,-179.8,-317.8,720.0,870.0
23,CSUD-SUD,-3425.0,-3425.0,2746.0,3425.0
24,CALA-SICI,-324.2,-324.2,1652.0,1608.0
24,CALA-SUD,1362.9,1362.9,2880.0,1689.0
24,CNOR-CSUD,-2323.7,-2461.7,1808.0,2965.0
24,CNOR-NORD,1966.9,1966.9,4148.0,3330.0
24,CSUD-SARD,-595.6,-733.6,720.0,870.0
24,CSUD-SUD,-3425.0,-3425.0,2746.0,3425.0
25,CALA-SICI,-246.9,-246.9,1668.0,1574.0
25,CALA-SUD,1763.8,1763.8,2856.0,1692.0
25,CNOR-CSUD,-2138.7,-2268.7,1793.0,3057.0
25,CNOR-NORD,1224.0,1224.0,4405.0,3587.0
25,CSUD-SARD,-554.6,-684.6,720.0,900.0
25,CSUD-SUD,-3713.0,-3713.0,3343.0,3713.0
26,CALA-SICI,-203.2,-207.1,1668.0,1574.0
26,CALA-SUD,1791.9,1800.8,2856.0,1692.0
26,CNOR-CSUD,-2132.0,-2262.0,1793.0,3057.0
26,CNOR-NORD,1398.1,1398.1,4405.0,3587.0
26,CSUD-SARD,-527.0,-657.0,720.0,900.0
26,CSUD-SUD,-3713.0,-3713.0,3343.0,3713.0
27,CALA-SICI,-206.4,-206.4,1668.0,1574.0
27,CALA-SUD,1863.1,1863.1,2856.0,1692.0
27,CNOR-CSUD,-2295.2,-2425.2,1793.0,3057.0
27,CNOR-NORD,1429.0,1429.0,4405.0,3587.0
27,CSUD-SARD,-555.7,-685.7,720.0,900.0
27,CSUD-SUD,-3713.0,-3713.0,3343.0,3713.0
28,CALA-SICI,-212.7,-212.7,1668.0,1574.0
28,CALA-SUD,1911.9,1911.9,2856.0,1692.0
28,CNOR-CSUD,-2354.6,-2484.6,1793.0,3057.0
28,CNOR-NORD,1377.9,1377.9,4405.0,3587.0
28,CSUD-SARD,-514.4,-644.4,720.0,900.0
28,CSUD-SUD,-3713.0,-3713.0,3343.0,3713.0
29,CALA-SICI,4.8,4.8,1668.0,1574.0
29,CALA-SUD,1845.9,1845.9,2856.0,1692.0
29,CNOR-CSUD,-1390.0,-1520.0,1793.0,3057.0
29,CNOR-NORD,156.4,156.4,4105.0,3587.0
29,CSUD-SARD,-355.5,-485.5,720.0,900.0
29,CSUD-SUD,-3546.5,-3546.5,3343.0,3713.0
30,CALA-SICI,-240.7,-240.7,1668.0,1574.0
30,CALA-SUD,2072.3,2072.3,2856.0,1692.0
30,CNOR-CSUD,-1820.6,-1950.6,1793.0,3057.0
30,CNOR-NORD,487.6,487.6,4105.0,3587.0
30,CSUD-SARD,-380.3,-510.3,720.0,900.0
30,CSUD-SUD,-3713.0,-3713.0,3343.0,3713.0
31,CALA-SICI,-273.5,-273.5,1668.0,1574.0
31,CALA-SUD,2078.5,2078.5,2856.0,1692.0
31,CNOR-CSUD,-2065.3,-2195.3,1793.0,3057.0
31,CNOR-NORD,638.6,638.6,4105.0,3587.0
31,CSUD-SARD,-602.4,-732.4,720.0,900.0
31,CSUD-SUD,-3713.0,-3713.0,3343.0,3713.0
32,CALA-SICI,-421.7,-421.7,1668.0,1574.0
32,CALA-SUD,2176.4,2176.4,2856.0,1692.0
32,CNOR-CSUD,-2033.9,-2163.9,1793.0,3057.0
32,CNOR-NORD,531.6,531.6,4105.0,3587.0
32,CSUD-SARD,-599.3,-729.3,720.0,900.0
32,CSUD-SUD,-3713.0,-3713.0,3343.0,3713.0
33,CALA-SICI,-174.2,-174.2,1634.0,1634.0
33,CALA-SUD,1921.5,1921.5,2791.0,1696.0
33,CNOR-CSUD,-2000.0,-2000.0,1543.0,2000.0
33,CNOR-NORD,334.7,334.6,3625.0,2867.0
33,CSUD-SARD,-783.4,-783.4,720.0,900.0
33,CSUD-SUD,-3477.0,-3477.0,3343.0,3477.0
34,CALA-SICI,-64.9,-64.9,1634.0,1634.0
34,CALA-SUD,1801.8,1801.8,2791.0,1696.0
34,CNOR-CSUD,-2000.0,-2000.0,1543.0,2000.0
34,CNOR-NORD,274.8,274.8,3625.0,2867.0
34,CSUD-SARD,-809.0,-809.0,720.0,900.0
34,CSUD-SUD,-3477.0,-3477.0,3343.0,3477.0
35,CALA-SICI,-74.1,-74.1,1634.0,1634.0
35,CALA-SUD,1796.1,1796.1,2791.0,1696.0
35,CNOR-CSUD,-2000.0,-2000.0,1543.0,2000.0
35,CNOR-NORD,189.5,189.5,3625.0,2867.0
35,CSUD-SARD,-798.1,-798.1,720.0,900.0
35,CSUD-SUD,-3477.0,-3477.0,3343.0,3477.0
36,CALA-SICI,99.3,99.3,1634.0,1634.0
36,CALA-SUD,1624.1,1624.1,2791.0,1696.0
36,CNOR-CSUD,-2000.0,-2000.0,1543.0,2000.0
36,CNOR-NORD,199.7,199.7,3625.0,2867.0
36,CSUD-SARD,-731.4,-731.4,720.0,900.0
36,CSUD-SUD,-3477.0,-3477.0,3343.0,3477.0
37,CALA-SICI,210.9,210.9,1634.0,1634.0
37,CALA-SUD,1484.2,1484.2,2791.0,1696.0
37,CNOR-CSUD,-2000.0,-2000.0,1543.0,2000.0
37,CNOR-NORD,225.6,225.6,3625.0,2867.0
37,CSUD-SARD,-728.2,-728.2,720.0,900.0
37,CSUD-SUD,-3477.0,-3477.0,2865.0,3477.0
38,CALA-SICI,312.1,312.1,1634.0,1634.0
38,CALA-SUD,1394.4,1394.4,2791.0,1696.0
38,CNOR-CSUD,-1771.0,-1771.0,1543.0,2000.0
38,CNOR-NORD,-48.0,-48.0,3625.0,2867.0
38,CSUD-SARD,-340.6,-340.6,720.0,900.0
38,CSUD-SUD,-3477.0,-3477.0,2865.0,3477.0
39,CALA-SICI,353.8,354.6,1634.0,1634.0
39,CALA-SUD,1340.7,1344.9,2791.0,1696.0
39,CNOR-CSUD,-2000.0,-2000.0,1543.0,2000.0
39,CNOR-NORD,189.9,202.7,3625.0,2867.0
39,CSUD-SARD,-490.7,-454.9,720.0,900.0
39,CSUD-SUD,-3477.0,-3477.0,2865.0,3477.0
40,CALA-SICI,348.7,349.2,1634.0,1634.0
40,CALA-SUD,1347.9,1347.4,2791.0,1696.0
40,CNOR-CSUD,-2000.0,-2000.0,1543.0,2000.0
40,CNOR-NORD,215.1,215.8,3625.0,2867.0
40,CSUD-SARD,-638.5,-574.6,720.0,900.0
40,CSUD-SUD,-3477.0,-3477.0,2865.0,3477.0
41,CALA-SICI,281.2,281.2,1687.0,1601.0
41,CALA-SUD,924.9,924.9,2639.0,1665.0
41,CNOR-CSUD,-2000.0,-2000.0,2009.0,2000.0
41,CNOR-NORD,353.6,353.6,3850.0,2381.0
41,CSUD-SARD,-417.5,-417.5,720.0,900.0
41,CSUD-SUD,-3500.0,-3500.0,2865.0,3500.0
42,CALA-SICI,266.1,263.8,1687.0,1601.0
42,CALA-SUD,927.2,933.3,2639.0,1665.0
42,CNOR-CSUD,-2000.0,-2000.0,2009.0,2000.0
42,CNOR-NORD,361.6,361.6,3850.0,2381.0
42,CSUD-SARD,-365.5,-365.5,720.0,900.0
42,CSUD-SUD,-3500.0,-3500.0,2865.0,3500.0
43,CALA-SICI,308.0,308.0,1687.0,1601.0
43,CALA-SUD,855.6,855.6,2639.0,1665.0
43,CNOR-CSUD,-2000.0,-2000.0,2009.0,2000.0
43,CNOR-NORD,422.2,422.2,3850.0,2381.0
43,CSUD-SARD,-390.0,-390.0,720.0,900.0
43,CSUD-SUD,-3500.0,-3500.0,2865.0,3500.0
44,CALA-SICI,262.5,262.5,1687.0,1601.0
44,CALA-SUD,812.3,812.3,2639.0,1665.0
44,CNOR-CSUD,-2000.0,-2000.0,2009.0,2000.0
44,CNOR-NORD,473.2,473.2,3850.0,2381.0
44,CSUD-SARD,-406.6,-406.6,720.0,900.0
44,CSUD-SUD,-3500.0,-3500.0,2865.0,3500.0
45,CALA-SICI,266.1,266.1,1687.0,1601.0
45,CALA-SUD,745.3,745.3,2639.0,1665.0
45,CNOR-CSUD,-2000.0,-2000.0,2009.0,2000.0
45,CNOR-NORD,498.5,498.5,3950.0,2381.0
45,CSUD-SARD,-159.3,-134.1,720.0,900.0
45,CSUD-SUD,-3500.0,-3500.0,2865.0,3500.0
46,CALA-SICI,271.7,271.7,1687.0,1601.0
46,CALA-SUD,698.8,698.8,2639.0,1665.0
46,CNOR-CSUD,-2000.0,-2000.0,2009.0,2000.0
46,CNOR-NORD,528.0,528.0,3950.0,2381.0
46,CSUD-SARD,-102.2,-89.3,720.0,900.0
46,CSUD-SUD,-3500.0,-3500.0,2865.0,3500.0
47,CALA-SICI,231.1,231.1,1687.0,1601.0
47,CALA-SUD,608.9,608.9,2639.0,1665.0
47,CNOR-CSUD,-2000.0,-2000.0,2009.0,2000.0
47,CNOR-NORD,356.1,356.1,3950.0,2381.0
47,CSUD-SARD,-39.8,-74.5,720.0,900.0
47,CSUD-SUD,-3500.0,-3500.0,2865.0,3500.0
48,CALA-SICI,271.1,271.1,1687.0,1601.0
48,CALA-SUD,619.8,619.8,2639.0,1665.0
48,CNOR-CSUD,-2000.0,-2000.0,2009.0,2000.0
48,CNOR-NORD,233.0,227.8,3950.0,2381.0
48,CSUD-SARD,-46.2,-46.2,720.0,900.0
48,CSUD-SUD,-3500.0,-3500.0,2865.0,3500.0
49,CALA-SICI,230.2,231.5,1693.0,1636.0
49,CALA-SUD,462.0,460.7,2699.0,1695.0
49,CNOR-CSUD,-1806.5,-1806.5,2075.0,2000.0
49,CNOR-NORD,111.4,111.4,3923.0,2512.0
49,CSUD-SARD,-181.8,-181.8,720.0,900.0
49,CSUD-SUD,-2992.0,-2992.0,2925.0,2992.0
50,CALA-SICI,221.9,221.9,1693.0,1636.0
50,CALA-SUD,477.4,477.4,2699.0,1695.0
50,CNOR-CSUD,-1716.3,-1716.3,2075.0,2000.0
50,CNOR-NORD,49.9,49.9,3923.0,2512.0
50,CSUD-SARD,-179.0,-150.6,720.0,900.0
50,CSUD-SUD,-2992.0,-2992.0,2925.0,2992.0
51,CALA-SICI,239.2,239.2,1693.0,1636.0
51,CALA-SUD,464.6,464.6,2699.0,1695.0
51,CNOR-CSUD,-2000.0,-2000.0,2075.0,2000.0
51,CNOR-NORD,405.8,405.8,3923.0,2512.0
51,CSUD-SARD,-485.2,-485.2,720.0,900.0
51,CSUD-SUD,-2992.0,-2992.0,2925.0,2992.0
52,CALA-SICI,235.6,235.6,1693.0,1636.0
52,CALA-SUD,450.4,450.4,2699.0,1695.0
52,CNOR-CSUD,-2000.0,-2000.0,2075.0,2000.0
52,CNOR-NORD,410.4,410.4,3923.0,2512.0
52,CSUD-SARD,-477.9,-477.9,720.0,900.0
52,CSUD-SUD,-2992.0,-2992.0,2925.0,2992.0
53,CALA-SICI,277.6,277.6,1693.0,1636.0
53,CALA-SUD,436.2,436.2,2699.0,1695.0
53,CNOR-CSUD,-2000.0,-2000.0,2075.0,2000.0
53,CNOR-NORD,450.9,450.9,3923.0,2512.0
53,CSUD-SARD,-505.3,-505.3,720.0,900.0
53,CSUD-SUD,-2992.0,-2992.0,2925.0,2992.0
54,CALA-SICI,264.7,264.7,1693.0,1636.0
54,CALA-SUD,462.0,462.0,2699.0,1695.0
54,CNOR-CSUD,-2000.0,-2000.0,2075.0,2000.0
54,CNOR-NORD,470.8,470.8,3923.0,2512.0
54,CSUD-SARD,-501.4,-501.4,720.0,900.0
54,CSUD-SUD,-2992.0,-2992.0,2925.0,2992.0
55,CALA-SICI,286.2,286.2,1693.0,1636.0
55,CALA-SUD,486.2,486.2,2699.0,1695.0
55,CNOR-CSUD,-1977.4,-1977.4,2075.0,2000.0
55,CNOR-NORD,472.2,472.2,3923.0,2512.0
55,CSUD-SARD,-369.8,-401.6,720.0,900.0
55,CSUD-SUD,-2992.0,-2992.0,2925.0,2992.0
56,CALA-SICI,310.8,310.8,1693.0,1636.0
56,CALA-SUD,547.4,547.4,2699.0,1695.0
56,CNOR-CSUD,-2000.0,-2000.0,2075.0,2000.0
56,CNOR-NORD,398.6,398.6,3923.0,2512.0
56,CSUD-SARD,-515.1,-430.6,720.0,900.0
56,CSUD-SUD,-2992.0,-2992.0,2925.0,2992.0
57,CALA-SICI,313.9,313.9,1693.0,1684.0
57,CALA-SUD,740.6,740.6,2844.0,1709.0
57,CNOR-CSUD,-2000.0,-2000.0,1861.0,2000.0
57,CNOR-NORD,404.4,404.4,3929.0,2579.0
57,CSUD-SARD,-498.4,-498.4,720.0,900.0
57,CSUD-SUD,-3398.0,-3398.0,2762.0,3398.0
58,CALA-SICI,397.4,399.1,1693.0,1684.0
58,CALA-SUD,839.0,837.0,2844.0,1709.0
58,CNOR-CSUD,-2000.0,-2000.0,1861.0,2000.0
58,CNOR-NORD,586.5,586.5,3929.0,2579.0
58,CSUD-SARD,-488.8,-488.8,720.0,900.0
58,CSUD-SUD,-3398.0,-3398.0,2762.0,3398.0
59,CALA-SICI,347.0,347.0,1693.0,1684.0
59,CALA-SUD,896.1,896.1,2844.0,1709.0
59,CNOR-CSUD,-2000.0,-2000.0,1861.0,2000.0
59,CNOR-NORD,620.3,620.3,3929.0,2579.0
59,CSUD-SARD,-490.4,-489.5,720.0,900.0
59,CSUD-SUD,-3398.0,-3398.0,2762.0,3398.0
60,CALA-SICI,313.4,313.4,1693.0,1684.0
60,CALA-SUD,931.1,931.1,2844.0,1709.0
60,CNOR-CSUD,-1939.9,-1939.9,1861.0,2000.0
60,CNOR-NORD,500.8,500.8,3929.0,2579.0
60,CSUD-SARD,-502.8,-502.8,720.0,900.0
60,CSUD-SUD,-3398.0,-3398.0,2762.0,3398.0
61,CALA-SICI,329.6,329.6,1693.0,1684.0
61,CALA-SUD,1070.8,1070.8,2844.0,1709.0
61,CNOR-CSUD,-2000.0,-2000.0,1861.0,2000.0
61,CNOR-NORD,468.8,468.8,3829.0,2579.0
61,CSUD-SARD,-455.6,-455.6,720.0,900.0
61,CSUD-SUD,-3398.0,-3398.0,2762.0,3398.0
62,CALA-SICI,318.9,318.9,1693.0,1684.0
62,CALA-SUD,1108.3,1108.3,2844.0,1709.0
62,CNOR-CSUD,-2000.0,-2000.0,1861.0,2000.0
62,CNOR-NORD,450.7,450.7,3829.0,2579.0
62,CSUD-SARD,-444.6,-447.3,720.0,900.0
62,CSUD-SUD,-3398.0,-3398.0,2762.0,3398.0
63,CALA-SICI,393.4,393.4,1693.0,1684.0
63,CALA-SUD,1247.4,1247.4,2844.0,1709.0
63,CNOR-CSUD,-2000.0,-2000.0,1861.0,2000.0
63,CNOR-NORD,361.9,361.9,3829.0,2579.0
63,CSUD-SARD,-501.8,-501.8,720.0,900.0
63,CSUD-SUD,-3398.0,-3398.0,2762.0,3398.0
64,CALA-SICI,427.7,427.7,1693.0,1684.0
64,CALA-SUD,1161.9,1161.9,2844.0,1709.0
64,CNOR-CSUD,-2000.0,-2000.0,1861.0,2000.0
64,CNOR-NORD,336.5,336.5,3829.0,2579.0
64,CSUD-SARD,-471.8,-471.8,720.0,900.0
64,CSUD-SUD,-3398.0,-3398.0,2762.0,3398.0
65,CALA-SICI,106.0,106.0,1702.0,1553.0
65,CALA-SUD,1902.4,1902.4,2766.0,1664.0
65,CNOR-CSUD,-2000.0,-2000.0,1655.0,2000.0
65,CNOR-NORD,314.2,306.1,3935.0,3741.0
65,CSUD-SARD,-426.7,-426.7,720.0,900.0
65,CSUD-SUD,-3722.0,-3722.0,2484.0,3722.0
66,CALA-SICI,93.0,93.0,1702.0,1553.0
66,CALA-SUD,1902.3,1902.3,2766.0,1664.0
66,CNOR-CSUD,-2000.0,-2000.0,1655.0,2000.0
66,CNOR-NORD,263.9,255.8,3935.0,3741.0
66,CSUD-SARD,-417.4,-417.4,720.0,900.0
66,CSUD-SUD,-3722.0,-3722.0,2484.0,3722.0
67,CALA-SICI,22.3,22.3,1702.0,1553.0
67,CALA-SUD,1953.9,1953.9,2766.0,1664.0
67,CNOR-CSUD,-2000.0,-2000.0,1655.0,2000.0
67,CNOR-NORD,226.3,218.2,3935.0,3741.0
67,CSUD-SARD,-413.2,-413.2,720.0,900.0
67,CSUD-SUD,-3722.0,-3722.0,2484.0,3722.0
68,CALA-SICI,-74.4,-74.4,1702.0,1553.0
68,CALA-SUD,2040.3,2040.3,2766.0,1664.0
68,CNOR-CSUD,-2000.0,-2000.0,1655.0,2000.0
68,CNOR-NORD,237.7,229.6,3935.0,3741.0
68,CSUD-SARD,-514.0,-514.0,720.0,900.0
68,CSUD-SUD,-3722.0,-3722.0,2484.0,3722.0
69,CALA-SICI,-236.5,-236.5,1702.0,1553.0
69,CALA-SUD,2350.7,2350.7,2766.0,1664.0
69,CNOR-CSUD,-2000.0,-2000.0,1655.0,2000.0
69,CNOR-NORD,120.7,120.7,3935.0,3741.0
69,CSUD-SARD,-612.8,-661.0,720.0,900.0
69,CSUD-SUD,-3638.8,-3638.8,2484.0,3722.0
70,CALA-SICI,-182.9,-182.9,1702.0,1553.0
70,CALA-SUD,2232.9,2232.9,2766.0,1664.0
70,CNOR-CSUD,-2000.0,-2000.0,1655.0,2000.0
70,CNOR-NORD,156.0,156.0,3935.0,3741.0
70,CSUD-SARD,-647.5,-647.5,720.0,900.0
70,CSUD-SUD,-3722.0,-3722.0,2484.0,3722.0
71,CALA-SICI,57.3,57.3,1702.0,1553.0
71,CALA-SUD,1981.3,1981.3,2766.0,1664.0
71,CNOR-CSUD,-1962.7,-1962.7,1655.0,2000.0
71,CNOR-NORD,121.8,121.8,3935.0,3741.0
71,CSUD-SARD,-649.8,-649.8,720.0,900.0
71,CSUD-SUD,-3722.0,-3722.0,2484.0,3722.0
72,CALA-SICI,48.4,48.4,1702.0,1553.0
72,CALA-SUD,1985.6,1985.6,2766.0,1664.0
72,CNOR-CSUD,-2000.0,-2000.0,1655.0,2000.0
72,CNOR-NORD,175.8,175.8,3935.0,3741.0
72,CSUD-SARD,-711.5,-711.7,720.0,900.0
72,CSUD-SUD,-3722.0,-3722.0,2484.0,3722.0
73,CALA-SICI,167.3,167.3,1672.0,1533.0
73,CALA-SUD,1918.1,1918.1,2690.0,1699.0
73,CNOR-CSUD,-1710.1,-1840.1,1502.0,2000.0
73,CNOR-NORD,-152.0,-152.0,4075.0,3775.0
73,CSUD-SARD,-639.3,-769.3,720.0,900.0
73,CSUD-SUD,-3563.0,-3563.0,2415.0,3563.0
74,CALA-SICI,14.2,14.2,1672.0,1533.0
74,CALA-SUD,2001.0,2001.0,2690.0,1699.0
74,CNOR-CSUD,-1614.5,-1744.5,1502.0,2000.0
74,CNOR-NORD,-227.6,-227.6,4075.0,3775.0
74,CSUD-SARD,-628.3,-758.3,720.0,900.0
74,CSUD-SUD,-3563.0,-3563.0,2415.0,3563.0
75,CALA-SICI,174.7,174.7,1672.0,1533.0
75,CALA-SUD,2015.7,2015.7,2690.0,1699.0
75,CNOR-CSUD,-1302.9,-1354.6,1502.0,2000.0
75,CNOR-NORD,-514.4,-590.1,4075.0,3775.0
75,CSUD-SARD,-236.7,-408.4,720.0,900.0
75,CSUD-SUD,-3563.0,-3563.0,2415.0,3563.0
76,CALA-SICI,26.2,26.2,1672.0,1533.0
76,CALA-SUD,1996.0,1996.0,2690.0,1699.0
76,CNOR-CSUD,-1276.9,-1406.9,1502.0,2000.0
76,CNOR-NORD,-555.0,-555.0,4075.0,3775.0
76,CSUD-SARD,-621.0,-751.0,720.0,900.0
76,CSUD-SUD,-3485.3,-3485.3,2415.0,3563.0
77,CALA-SICI,11.7,11.7,1672.0,1533.0
77,CALA-SUD,2077.5,2077.5,2690.0,1699.0
77,CNOR-CSUD,-960.5,-1219.1,1502.0,2000.0
77,CNOR-NORD,-855.0,-722.4,4075.0,3690.0
77,CSUD-SARD,-183.5,-410.0,720.0,900.0
77,CSUD-SUD,-3563.0,-3563.0,2415.0,3563.0
78,CALA-SICI,67.0,67.0,1672.0,1533.0
78,CALA-SUD,2104.6,2104.6,2690.0,1699.0
78,CNOR-CSUD,-945.1,-1070.7,1502.0,2000.0
78,CNOR-NORD,-817.0,-819.2,4075.0,3690.0
78,CSUD-SARD,-173.8,-306.0,720.0,900.0
78,CSUD-SUD,-3563.0,-3563.0,2415.0,3563.0
79,CALA-SICI,56.3,53.5,1672.0,1533.0
79,CALA-SUD,2106.1,2110.7,2690.0,1699.0
79,CNOR-CSUD,-894.8,-1031.4,1502.0,2000.0
79,CNOR-NORD,-835.7,-830.5,4075.0,3690.0
79,CSUD-SARD,-163.2,-293.2,720.0,900.0
79,CSUD-SUD,-3563.0,-3563.0,2415.0,3563.0
80,CALA-SICI,136.3,136.3,1672.0,1533.0
80,CALA-SUD,2032.7,2032.7,2690.0,1699.0
80,CNOR-CSUD,-470.6,-600.6,1502.0,2000.0
80,CNOR-NORD,-1192.0,-1192.0,4075.0,3690.0
80,CSUD-SARD,-177.1,-307.1,720.0,900.0
80,CSUD-SUD,-3447.9,-3447.9,2415.0,3563.0
81,CALA-SICI,164.0,164.0,1688.0,1626.0
81,CALA-SUD,1730.7,1730.7,2690.0,1734.0
81,CNOR-CSUD,-900.0,-1030.0,1668.0,3029.0
81,CNOR-NORD,-672.2,-672.2,4148.0,3926.0
81,CSUD-SARD,-215.8,-345.8,720.0,900.0
81,CSUD-SUD,-3464.0,-3464.0,2814.0,3464.0
82,CALA-SICI,211.5,211.5,1688.0,1626.0
82,CALA-SUD,1696.3,1696.3,2690.0,1734.0
82,CNOR-CSUD,-911.1,-1041.1,1668.0,3029.0
82,CNOR-NORD,-606.9,-606.9,4148.0,3926.0
82,CSUD-SARD,-191.2,-321.2,720.0,900.0
82,CSUD-SUD,-3464.0,-3464.0,2814.0,3464.0
83,CALA-SICI,497.3,497.3,1688.0,1626.0
83,CALA-SUD,1423.9,1423.9,2690.0,1734.0
83,CNOR-CSUD,-580.7,-710.7,1668.0,3029.0
83,CNOR-NORD,-824.8,-824.8,4148.0,3926.0
83,CSUD-SARD,-153.2,-283.2,720.0,900.0
83,CSUD-SUD,-3276.8,-3276.8,2814.0,3464.0
84,CALA-SICI,712.7,712.7,1688.0,1626.0
84,CALA-SUD,1218.8,1218.8,2690.0,1734.0
84,CNOR-CSUD,-414.1,-544.1,1668.0,3029.0
84,CNOR-NORD,-965.0,-965.0,4148.0,3926.0
84,CSUD-SARD,-178.3,-308.3,720.0,900.0
84,CSUD-SUD,-3136.6,-3136.6,2814.0,3464.0
85,CALA-SICI,661.2,661.2,1688.0,1626.0
85,CALA-SUD,1286.0,1286.0,2690.0,1734.0
85,CNOR-CSUD,-1518.4,-1648.4,1668.0,3029.0
85,CNOR-NORD,243.3,243.3,4248.0,3826.0
85,CSUD-SARD,-307.6,-437.6,720.0,900.0
85,CSUD-SUD,-3464.0,-3464.0,2814.0,3464.0
86,CALA-SICI,718.7,718.7,1688.0,1626.0
86,CALA-SUD,1243.4,1243.4,2690.0,1734.0
86,CNOR-CSUD,-1512.8,-1642.8,1668.0,3029.0
86,CNOR-NORD,268.3,268.3,4248.0,3826.0
86,CSUD-SARD,-312.1,-442.1,720.0,900.0
86,CSUD-SUD,-3464.0,-3464.0,2814.0,3464.0
87,CALA-SICI,663.8,663.8,1688.0,1626.0
87,CALA-SUD,1159.3,1159.3,2690.0,1734.0
87,CNOR-CSUD,-1364.1,-1494.1,1668.0,3029.0
87,CNOR-NORD,210.5,210.5,4248.0,3826.0
87,CSUD-SARD,-266.7,-396.7,720.0,900.0
87,CSUD-SUD,-3464.0,-3464.0,2814.0,3464.0
88,CALA-SICI,638.0,638.0,1688.0,1626.0
88,CALA-SUD,1093.3,1093.3,2690.0,1734.0
88,CNOR-CSUD,-1485.6,-1615.6,1668.0,3029.0
88,CNOR-NORD,475.6,475.6,4248.0,3826.0
88,CSUD-SARD,-297.5,-427.5,720.0,900.0
88,CSUD-SUD,-3464.0,-3464.0,2814.0,3464.0
89,CALA-SICI,674.2,674.2,1664.0,1573.0
89,CALA-SUD,1151.1,1151.1,2690.0,2067.0
89,CNOR-CSUD,-1907.3,-2037.3,1957.0,2996.0
89,CNOR-NORD,1007.3,1007.3,4237.0,3852.0
89,CSUD-SARD,-354.8,-484.8,720.0,870.0
89,CSUD-SUD,-3994.0,-3994.0,2718.0,3994.0
90,CALA-SICI,643.1,643.1,1664.0,1573.0
90,CALA-SUD,1102.0,1102.0,2690.0,2067.0
90,CNOR-CSUD,-1729.7,-1859.7,1957.0,2996.0
90,CNOR-NORD,879.3,879.3,4237.0,3852.0
90,CSUD-SARD,-368.2,-498.2,720.0,870.0
90,CSUD-SUD,-3994.0,-3994.0,2718.0,3994.0
91,CALA-SICI,545.9,545.9,1664.0,1573.0
91,CALA-SUD,1305.7,1305.7,2690.0,2067.0
91,CNOR-CSUD,-1847.9,-1977.9,1957.0,2996.0
91,CNOR-NORD,794.5,794.5,4237.0,3852.0
91,CSUD-SARD,-400.9,-530.9,720.0,870.0
91,CSUD-SUD,-3994.0,-3994.0,2718.0,3994.0
92,CALA-SICI,503.2,503.2,1664.0,1573.0
92,CALA-SUD,1518.5,1518.5,2690.0,2067.0
92,CNOR-CSUD,-1733.0,-1863.0,1957.0,2996.0
92,CNOR-NORD,581.6,581.6,4237.0,3852.0
92,CSUD-SARD,-405.5,-535.5,720.0,870.0
92,CSUD-SUD,-3994.0,-3994.0,2718.0,3994.0
93,CALA-SICI,514.5,514.5,1664.0,1573.0
93,CALA-SUD,1529.3,1529.3,2690.0,2067.0
93,CNOR-CSUD,-1666.0,-1796.0,1957.0,2996.0
93,CNOR-NORD,576.9,576.9,4337.0,3752.0
93,CSUD-SARD,-414.2,-544.2,720.0,870.0
93,CSUD-SUD,-3766.9,-3766.9,2718.0,3994.0
94,CALA-SICI,442.8,442.8,1664.0,1573.0
94,CALA-SUD,1099.8,1099.8,2690.0,2067.0
94,CNOR-CSUD,-1236.2,-1366.2,1957.0,2996.0
94,CNOR-NORD,224.3,224.3,4337.0,3752.0
94,CSUD-SARD,-436.2,-566.2,720.0,870.0
94,CSUD-SUD,-3343.3,-3343.3,2718.0,3994.0
95,CALA-SICI,409.1,409.1,1664.0,1573.0
95,CALA-SUD,989.9,997.5,2690.0,2067.0
95,CNOR-CSUD,-1234.2,-1371.8,1957.0,2996.0
95,CNOR-NORD,260.0,267.6,4337.0,3752.0
95,CSUD-SARD,-443.5,-573.5,720.0,870.0
95,CSUD-SUD,-3282.8,-3290.4,2718.0,3994.0
96,CALA-SICI,391.2,391.2,1664.0,1573.0
96,CALA-SUD,588.8,588.8,2690.0,2067.0
96,CNOR-CSUD,-1018.3,-1148.3,1957.0,2996.0
96,CNOR-NORD,89.8,89.8,4337.0,3752.0
96,CSUD-SARD,-463.6,-593.6,720.0,870.0
96,CSUD-SUD,-2900.8,-2900.8,2718.0,3994.0
